{"mean":{"confidence_interval":{"confidence_level":0.95,"lower_bound":0.08287127042906509,"upper_bound":0.14359153719393647},"point_estimate":0.1128615342278414,"standard_error":0.01544619144222308},"median":{"confidence_interval":{"confidence_level":0.95,"lower_bound":0.04381757695678279,"upper_bound":0.25013452107068845},"point_estimate":0.20661847994569604,"standard_error":0.05705340088845444}}