{"mean":{"confidence_interval":{"confidence_level":0.95,"lower_bound":-0.005922004297373287,"upper_bound":-0.0032355248330154826},"point_estimate":-0.004571931170141985,"standard_error":0.0006881745705210566},"median":{"confidence_interval":{"confidence_level":0.95,"lower_bound":-0.006762820077245049,"upper_bound":-0.004097947726868445},"point_estimate":-0.005124449274201637,"standard_error":0.0006302428570499989}}