{"mean":{"confidence_interval":{"confidence_level":0.95,"lower_bound":0.004615448101759379,"upper_bound":0.010556010234393218},"point_estimate":0.007595090803539595,"standard_error":0.0015193949131291433},"median":{"confidence_interval":{"confidence_level":0.95,"lower_bound":0.00022795466621028382,"upper_bound":0.006255465762823542},"point_estimate":0.0025120641133062893,"standard_error":0.001573920023603015}}