{"mean":{"confidence_interval":{"confidence_level":0.95,"lower_bound":-0.07526058916874734,"upper_bound":-0.06347274827594761},"point_estimate":-0.06932651165689019,"standard_error":0.0029997632650724648},"median":{"confidence_interval":{"confidence_level":0.95,"lower_bound":-0.07413421987360758,"upper_bound":-0.0620530966628724},"point_estimate":-0.06770308398666025,"standard_error":0.0030680759259798652}}