{"mean":{"confidence_interval":{"confidence_level":0.95,"lower_bound":0.2743918076933504,"upper_bound":0.32634004849379467},"point_estimate":0.3044791139976979,"standard_error":0.013542782944133911},"median":{"confidence_interval":{"confidence_level":0.95,"lower_bound":0.31978881817640903,"upper_bound":0.3349683650834192},"point_estimate":0.3264853473632654,"standard_error":0.0038852376150650186}}