{"mean":{"confidence_interval":{"confidence_level":0.95,"lower_bound":0.2122672560019555,"upper_bound":0.24581869977877888},"point_estimate":0.22897685132916368,"standard_error":0.008562999031177194},"median":{"confidence_interval":{"confidence_level":0.95,"lower_bound":0.20340746392281783,"upper_bound":0.26176779750952095},"point_estimate":0.23570745594125087,"standard_error":0.013207054707432626}}