{"mean":{"confidence_interval":{"confidence_level":0.95,"lower_bound":-0.016878093266570506,"upper_bound":-5.050124036049297e-6},"point_estimate":-0.008600240055133379,"standard_error":0.004316183321224538},"median":{"confidence_interval":{"confidence_level":0.95,"lower_bound":-0.03924254032027796,"upper_bound":-0.0036671501840518372},"point_estimate":-0.024592374721790877,"standard_error":0.009537752451615523}}