{"mean":{"confidence_interval":{"confidence_level":0.95,"lower_bound":0.006245800123967583,"upper_bound":0.016317014866466795},"point_estimate":0.011262769120647054,"standard_error":0.0025752312141926617},"median":{"confidence_interval":{"confidence_level":0.95,"lower_bound":0.00660076692905287,"upper_bound":0.014944141756304097},"point_estimate":0.010961751585322421,"standard_error":0.002171395525634499}}