{"mean":{"confidence_interval":{"confidence_level":0.95,"lower_bound":0.04650387145016967,"upper_bound":0.06815997854920297},"point_estimate":0.05743222128770453,"standard_error":0.005526213975779625},"median":{"confidence_interval":{"confidence_level":0.95,"lower_bound":0.04714549805695212,"upper_bound":0.07496511203908929},"point_estimate":0.06275003034689686,"standard_error":0.006932076988654932}}