{"mean":{"confidence_interval":{"confidence_level":0.95,"lower_bound":0.6678905809499616,"upper_bound":0.7167145290314659},"point_estimate":0.6936043218345485,"standard_error":0.012453524776345804},"median":{"confidence_interval":{"confidence_level":0.95,"lower_bound":0.695349183730898,"upper_bound":0.7370187011001217},"point_estimate":0.7294357567477152,"standard_error":0.010336434692223477}}