{"mean":{"confidence_interval":{"confidence_level":0.95,"lower_bound":0.002458820096334663,"upper_bound":0.004172261583021647},"point_estimate":0.0033351790539908333,"standard_error":0.0004389920775303035},"median":{"confidence_interval":{"confidence_level":0.95,"lower_bound":0.0018149729487269006,"upper_bound":0.0033726297425644702},"point_estimate":0.0026410097788396314,"standard_error":0.0003886555165841612}}