{"mean":{"confidence_interval":{"confidence_level":0.95,"lower_bound":0.0048768309901625955,"upper_bound":0.008981840283295727},"point_estimate":0.007011145358136295,"standard_error":0.0010483984386980157},"median":{"confidence_interval":{"confidence_level":0.95,"lower_bound":0.006766377406113078,"upper_bound":0.01078042941606383},"point_estimate":0.008801989459889414,"standard_error":0.0010351926156016837}}