{"mean":{"confidence_interval":{"confidence_level":0.95,"lower_bound":0.5182552809278099,"upper_bound":0.5361360654623352},"point_estimate":0.5275473062737988,"standard_error":0.004580776098237747},"median":{"confidence_interval":{"confidence_level":0.95,"lower_bound":0.527496058276604,"upper_bound":0.540149602968911},"point_estimate":0.533269918040485,"standard_error":0.0033010983449341252}}