{"mean":{"confidence_interval":{"confidence_level":0.95,"lower_bound":1.024561251042327,"upper_bound":1.1793137613094675},"point_estimate":1.1218124234967126,"standard_error":0.04544100186282134},"median":{"confidence_interval":{"confidence_level":0.95,"lower_bound":1.1763678630053458,"upper_bound":1.1878812511868},"point_estimate":1.1851089313541832,"standard_error":0.003284343409650506}}