{"mean":{"confidence_interval":{"confidence_level":0.95,"lower_bound":-0.018635555481087435,"upper_bound":-0.002755454933898069},"point_estimate":-0.010409229786960572,"standard_error":0.004049619839808814},"median":{"confidence_interval":{"confidence_level":0.95,"lower_bound":-0.017171862625099066,"upper_bound":-0.0025183743867458475},"point_estimate":-0.008559248297905553,"standard_error":0.003909508619599351}}