{"mean":{"confidence_interval":{"confidence_level":0.95,"lower_bound":0.40119378120700927,"upper_bound":0.4568284201171584},"point_estimate":0.4293632294637073,"standard_error":0.01416869751392967},"median":{"confidence_interval":{"confidence_level":0.95,"lower_bound":0.4152779987582662,"upper_bound":0.5145352498368256},"point_estimate":0.47870454615028857,"standard_error":0.024732630107692787}}