{"mean":{"confidence_interval":{"confidence_level":0.95,"lower_bound":0.3697995630407485,"upper_bound":0.3940131982170111},"point_estimate":0.38220185263141304,"standard_error":0.006166811128138391},"median":{"confidence_interval":{"confidence_level":0.95,"lower_bound":0.38365473768447733,"upper_bound":0.41026684323662604},"point_estimate":0.39866878746893386,"standard_error":0.006413855886456762}}