{"mean":{"confidence_interval":{"confidence_level":0.95,"lower_bound":-0.013252273125987146,"upper_bound":-0.011685115891584741},"point_estimate":-0.012465380949676863,"standard_error":0.00039806981368677624},"median":{"confidence_interval":{"confidence_level":0.95,"lower_bound":-0.012516682614507557,"upper_bound":-0.011056938913004726},"point_estimate":-0.011732360887021342,"standard_error":0.0003721060129437597}}