{"mean":{"confidence_interval":{"confidence_level":0.95,"lower_bound":1.3291797949559592,"upper_bound":1.3514404508048952},"point_estimate":1.3405693500455493,"standard_error":0.005685120097925513},"median":{"confidence_interval":{"confidence_level":0.95,"lower_bound":1.3423596288187927,"upper_bound":1.3574230800438198},"point_estimate":1.3498914542146778,"standard_error":0.0037406741310928937}}