{"mean":{"confidence_interval":{"confidence_level":0.95,"lower_bound":-0.5560649684716367,"upper_bound":-0.5535749324221416},"point_estimate":-0.5547742877991975,"standard_error":0.0006380932212557219},"median":{"confidence_interval":{"confidence_level":0.95,"lower_bound":-0.554522336927725,"upper_bound":-0.5518970892482437},"point_estimate":-0.5527556206024145,"standard_error":0.0006937132518751608}}