{"mean":{"confidence_interval":{"confidence_level":0.95,"lower_bound":-0.03678029662427665,"upper_bound":0.02706324370550406},"point_estimate":-0.005083774204672209,"standard_error":0.016297566061039687},"median":{"confidence_interval":{"confidence_level":0.95,"lower_bound":0.07072750209821477,"upper_bound":0.1301458703851974},"point_estimate":0.10838137442998308,"standard_error":0.015717176723024043}}