{"mean":{"confidence_interval":{"confidence_level":0.95,"lower_bound":-0.0033003412715537387,"upper_bound":0.0027351819182200015},"point_estimate":-0.00045298746769362186,"standard_error":0.0015424322695872276},"median":{"confidence_interval":{"confidence_level":0.95,"lower_bound":-0.0018628751270201027,"upper_bound":-0.00027321755577247586},"point_estimate":-0.0008286596303165306,"standard_error":0.00038630618069264476}}