{"mean":{"confidence_interval":{"confidence_level":0.95,"lower_bound":0.98140214519156,"upper_bound":0.990915975250145},"point_estimate":0.9863441602889667,"standard_error":0.002426677228683066},"median":{"confidence_interval":{"confidence_level":0.95,"lower_bound":0.9836609460108476,"upper_bound":0.9902994104633038},"point_estimate":0.9868742951974014,"standard_error":0.0016597081597098929}}