{"mean":{"confidence_interval":{"confidence_level":0.95,"lower_bound":4799873.8159090895,"upper_bound":4804619.3636363605},"point_estimate":4802144.454545452,"standard_error":1211.7737272576749},"median":{"confidence_interval":{"confidence_level":0.95,"lower_bound":4795881.818181818,"upper_bound":4799650.0},"point_estimate":4797340.909090909,"standard_error":1015.846771316987},"median_abs_dev":{"confidence_interval":{"confidence_level":0.95,"lower_bound":4299.539923667908,"upper_bound":8417.12439602034},"point_estimate":5849.530805240351,"standard_error":1004.0855347830654},"slope":null,"std_dev":{"confidence_interval":{"confidence_level":0.95,"lower_bound":9656.948568646385,"upper_bound":14341.749938625357},"point_estimate":12192.918677396838,"standard_error":1199.0215800482526}}