{"mean":{"confidence_interval":{"confidence_level":0.95,"lower_bound":4270000.249999999,"upper_bound":4273494.254166669},"point_estimate":4271686.166666668,"standard_error":893.6428012370985},"median":{"confidence_interval":{"confidence_level":0.95,"lower_bound":4267458.333333333,"upper_bound":4271116.666666667},"point_estimate":4268770.833333334,"standard_error":871.6543729352028},"median_abs_dev":{"confidence_interval":{"confidence_level":0.95,"lower_bound":4423.089921474687,"upper_bound":7839.247360825539},"point_estimate":5800.67239701886,"standard_error":855.8449269136836},"slope":null,"std_dev":{"confidence_interval":{"confidence_level":0.95,"lower_bound":7016.604945735701,"upper_bound":10816.087339806056},"point_estimate":9013.480070416683,"standard_error":968.8859078415522}}