{"mean":{"confidence_interval":{"confidence_level":0.95,"lower_bound":0.4437691803064725,"upper_bound":0.4520603489474747},"point_estimate":0.44806658309430314,"standard_error":0.0021135001316599615},"median":{"confidence_interval":{"confidence_level":0.95,"lower_bound":0.44442364115023825,"upper_bound":0.45804007650873935},"point_estimate":0.4547116870739405,"standard_error":0.0037363907872273393}}