{"mean":{"confidence_interval":{"confidence_level":0.95,"lower_bound":-0.006060181723347191,"upper_bound":-0.0015949047296744262},"point_estimate":-0.0035427997978682013,"standard_error":0.0011534946481833108},"median":{"confidence_interval":{"confidence_level":0.95,"lower_bound":-0.0009159968487215675,"upper_bound":-0.0003887294482033399},"point_estimate":-0.0006411849854924823,"standard_error":0.0001274819286953659}}