{"mean":{"confidence_interval":{"confidence_level":0.95,"lower_bound":0.451897538318994,"upper_bound":0.4940478184027862},"point_estimate":0.4752106026091176,"standard_error":0.010849746322741907},"median":{"confidence_interval":{"confidence_level":0.95,"lower_bound":0.49746493543178993,"upper_bound":0.5090307702929022},"point_estimate":0.5042919743551835,"standard_error":0.003164364841216833}}