{"mean":{"confidence_interval":{"confidence_level":0.95,"lower_bound":1.8283443272730295,"upper_bound":1.8803360614812688},"point_estimate":1.8580513472506905,"standard_error":0.013412785109011486},"median":{"confidence_interval":{"confidence_level":0.95,"lower_bound":1.8943994010168486,"upper_bound":1.9064143590194345},"point_estimate":1.901173961495331,"standard_error":0.0032179805131014815}}