{"mean":{"confidence_interval":{"confidence_level":0.95,"lower_bound":0.0017363379975275206,"upper_bound":0.002816115094323473},"point_estimate":0.0022504871378019597,"standard_error":0.0002715640143537776},"median":{"confidence_interval":{"confidence_level":0.95,"lower_bound":0.0016781470158389045,"upper_bound":0.0024249253317138947},"point_estimate":0.002069415891561288,"standard_error":0.0001897386643067894}}