{"mean":{"confidence_interval":{"confidence_level":0.95,"lower_bound":3976706.4576923065,"upper_bound":3986600.8461538446},"point_estimate":3981564.0000000005,"standard_error":2519.5309510079146},"median":{"confidence_interval":{"confidence_level":0.95,"lower_bound":3971588.4615384615,"upper_bound":3980569.230769231},"point_estimate":3974623.076923077,"standard_error":2318.938153395448},"median_abs_dev":{"confidence_interval":{"confidence_level":0.95,"lower_bound":11051.072111497037,"upper_bound":20129.145796482273},"point_estimate":13531.575913612553,"standard_error":2334.235560131602},"slope":null,"std_dev":{"confidence_interval":{"confidence_level":0.95,"lower_bound":21083.683400066595,"upper_bound":28869.14482593975},"point_estimate":25227.103033996897,"standard_error":1984.194681277402}}