{"mean":{"confidence_interval":{"confidence_level":0.95,"lower_bound":4192140.7270833314,"upper_bound":4210192.083333333},"point_estimate":4200546.166666666,"standard_error":4624.270072924181},"median":{"confidence_interval":{"confidence_level":0.95,"lower_bound":4187141.6666666665,"upper_bound":4195225.0},"point_estimate":4191787.5,"standard_error":2347.943918589067},"median_abs_dev":{"confidence_interval":{"confidence_level":0.95,"lower_bound":13751.114755868912,"upper_bound":22683.77959728241},"point_estimate":17896.217182278862,"standard_error":2158.970058483638},"slope":null,"std_dev":{"confidence_interval":{"confidence_level":0.95,"lower_bound":27758.135975551257,"upper_bound":61967.715773918426},"point_estimate":46627.70992145803,"standard_error":8710.497408131383}}