{"mean":{"confidence_interval":{"confidence_level":0.95,"lower_bound":4161693.9134615376,"upper_bound":4169522.24423077},"point_estimate":4165558.4615384596,"standard_error":1989.2043443303264},"median":{"confidence_interval":{"confidence_level":0.95,"lower_bound":4159284.6153846155,"upper_bound":4166069.230769231},"point_estimate":4161569.230769231,"standard_error":1774.6664668452747},"median_abs_dev":{"confidence_interval":{"confidence_level":0.95,"lower_bound":8861.24343883524,"upper_bound":20853.3388605483},"point_estimate":12619.206699041273,"standard_error":3098.3842779472848},"slope":null,"std_dev":{"confidence_interval":{"confidence_level":0.95,"lower_bound":16859.61803997246,"upper_bound":22859.44831877608},"point_estimate":20050.53233087684,"standard_error":1531.4136211202613}}