{"mean":{"confidence_interval":{"confidence_level":0.95,"lower_bound":0.14298010699738067,"upper_bound":0.18999551189974317},"point_estimate":0.16759720616896767,"standard_error":0.01200779197446767},"median":{"confidence_interval":{"confidence_level":0.95,"lower_bound":0.1995808676013846,"upper_bound":0.2159508285028779},"point_estimate":0.2065674909211641,"standard_error":0.004340706395255019}}