{"mean":{"confidence_interval":{"confidence_level":0.95,"lower_bound":145296.10077358093,"upper_bound":147870.53998559667},"point_estimate":146557.3209088352,"standard_error":653.7829979483167},"median":{"confidence_interval":{"confidence_level":0.95,"lower_bound":143342.44306418218,"upper_bound":145662.704248366},"point_estimate":144710.7066869301,"standard_error":629.0925898547905},"median_abs_dev":{"confidence_interval":{"confidence_level":0.95,"lower_bound":4023.1685620402172,"upper_bound":7522.563517490846},"point_estimate":5639.788439308978,"standard_error":798.7278112735099},"slope":{"confidence_interval":{"confidence_level":0.95,"lower_bound":143508.32239599395,"upper_bound":146670.72006140617},"point_estimate":145008.26202790855,"standard_error":808.6053511639918},"std_dev":{"confidence_interval":{"confidence_level":0.95,"lower_bound":5584.434888166648,"upper_bound":7540.228851921309},"point_estimate":6581.719002680538,"standard_error":501.9389787324462}}