{"mean":{"confidence_interval":{"confidence_level":0.95,"lower_bound":294574.6614747758,"upper_bound":296261.8392101478},"point_estimate":295404.2617884256,"standard_error":431.13457531638994},"median":{"confidence_interval":{"confidence_level":0.95,"lower_bound":293762.2991967872,"upper_bound":296300.8771929825},"point_estimate":294890.724393531,"standard_error":646.8383334871021},"median_abs_dev":{"confidence_interval":{"confidence_level":0.95,"lower_bound":3346.0250811464243,"upper_bound":5301.469178528986},"point_estimate":4130.14637404366,"standard_error":493.64840476116655},"slope":{"confidence_interval":{"confidence_level":0.95,"lower_bound":295850.25621228816,"upper_bound":297901.5653638277},"point_estimate":296892.24612088077,"standard_error":521.1943733504143},"std_dev":{"confidence_interval":{"confidence_level":0.95,"lower_bound":3692.364679154995,"upper_bound":4873.4946631999765},"point_estimate":4315.906011702681,"standard_error":301.1776589316687}}