{"mean":{"confidence_interval":{"confidence_level":0.95,"lower_bound":-0.014426142697912073,"upper_bound":-0.000281743425787261},"point_estimate":-0.006476452530018273,"standard_error":0.003637654323470121},"median":{"confidence_interval":{"confidence_level":0.95,"lower_bound":0.0006667550626390298,"upper_bound":0.0017771604861798504},"point_estimate":0.0011077500102325555,"standard_error":0.00029230401776747115}}