{"mean":{"confidence_interval":{"confidence_level":0.95,"lower_bound":0.01715006214941053,"upper_bound":0.03870173659084643},"point_estimate":0.03006160863714369,"standard_error":0.005693214263349944},"median":{"confidence_interval":{"confidence_level":0.95,"lower_bound":0.03511404647447924,"upper_bound":0.03964555749492571},"point_estimate":0.03769703985285844,"standard_error":0.0011289586112205108}}