{"mean":{"confidence_interval":{"confidence_level":0.95,"lower_bound":0.6798263296345238,"upper_bound":0.6975471856682637},"point_estimate":0.6889738019004517,"standard_error":0.004515272111145064},"median":{"confidence_interval":{"confidence_level":0.95,"lower_bound":0.6919371151869029,"upper_bound":0.7042096107988174},"point_estimate":0.6977325039321409,"standard_error":0.0031679392134873275}}