{"mean":{"confidence_interval":{"confidence_level":0.95,"lower_bound":-0.003097560777803676,"upper_bound":0.003297877834162421},"point_estimate":0.00011849721094336907,"standard_error":0.0016308197156099883},"median":{"confidence_interval":{"confidence_level":0.95,"lower_bound":-0.00031021279437770666,"upper_bound":0.0048762074059596205},"point_estimate":0.0021019560021564576,"standard_error":0.0013499374280453987}}