{"mean":{"confidence_interval":{"confidence_level":0.95,"lower_bound":-0.5014860541403255,"upper_bound":-0.49209884773024365},"point_estimate":-0.4964285407064456,"standard_error":0.0023932620940577604},"median":{"confidence_interval":{"confidence_level":0.95,"lower_bound":-0.49849460009874547,"upper_bound":-0.4923795105458328},"point_estimate":-0.49613828546001426,"standard_error":0.0017040863204053286}}