{"mean":{"confidence_interval":{"confidence_level":0.95,"lower_bound":4520780.952272725,"upper_bound":4531532.90909091},"point_estimate":4526057.999999997,"standard_error":2748.1168308617243},"median":{"confidence_interval":{"confidence_level":0.95,"lower_bound":4518500.0,"upper_bound":4526290.909090909},"point_estimate":4524495.454545455,"standard_error":1558.4902736800377},"median_abs_dev":{"confidence_interval":{"confidence_level":0.95,"lower_bound":14098.177931525364,"upper_bound":31923.07306961605},"point_estimate":21147.266897288737,"standard_error":4568.602840343038},"slope":null,"std_dev":{"confidence_interval":{"confidence_level":0.95,"lower_bound":23310.674403409128,"upper_bound":31536.238111230065},"point_estimate":27681.551934859654,"standard_error":2104.0859196635374}}