{"mean":{"confidence_interval":{"confidence_level":0.95,"lower_bound":4535425.1818181835,"upper_bound":4538194.095454548},"point_estimate":4536756.727272727,"standard_error":706.2738119697987},"median":{"confidence_interval":{"confidence_level":0.95,"lower_bound":4534136.363636363,"upper_bound":4537509.090909091},"point_estimate":4535595.454545455,"standard_error":835.8696098820228},"median_abs_dev":{"confidence_interval":{"confidence_level":0.95,"lower_bound":4117.5844723524315,"upper_bound":7291.864711452979},"point_estimate":5505.8371749803155,"standard_error":830.24598159173},"slope":null,"std_dev":{"confidence_interval":{"confidence_level":0.95,"lower_bound":5305.34943585105,"upper_bound":8875.500524461306},"point_estimate":7125.663823950984,"standard_error":919.9216354322624}}