{"mean":{"confidence_interval":{"confidence_level":0.95,"lower_bound":-0.022771826899306406,"upper_bound":0.04531965208340041},"point_estimate":0.0103994833356722,"standard_error":0.017133443659555957},"median":{"confidence_interval":{"confidence_level":0.95,"lower_bound":-0.03868969606454734,"upper_bound":0.019367209367213523},"point_estimate":-0.011221563580105176,"standard_error":0.014847155022530138}}