{"mean":{"confidence_interval":{"confidence_level":0.95,"lower_bound":-0.009602723724759996,"upper_bound":-0.006219308658325953},"point_estimate":-0.007951289072816392,"standard_error":0.0008600218006754519},"median":{"confidence_interval":{"confidence_level":0.95,"lower_bound":-0.011876709161616428,"upper_bound":-0.00819851315399267},"point_estimate":-0.010742836681611911,"standard_error":0.0008843639611652873}}