{"mean":{"confidence_interval":{"confidence_level":0.95,"lower_bound":0.2686214211928772,"upper_bound":0.3278722817655099},"point_estimate":0.3026790478653689,"standard_error":0.015426499719994012},"median":{"confidence_interval":{"confidence_level":0.95,"lower_bound":0.32825312335231893,"upper_bound":0.36194400391518},"point_estimate":0.3496960913350511,"standard_error":0.009711039112227943}}