{"mean":{"confidence_interval":{"confidence_level":0.95,"lower_bound":0.004260720178689244,"upper_bound":0.01611144764078739},"point_estimate":0.0104099970973357,"standard_error":0.002999135695704104},"median":{"confidence_interval":{"confidence_level":0.95,"lower_bound":0.006920387219829793,"upper_bound":0.016139380225024924},"point_estimate":0.012369627504202452,"standard_error":0.0022661815189833627}}