{"mean":{"confidence_interval":{"confidence_level":0.95,"lower_bound":-0.6702005936913213,"upper_bound":-0.6455414123053251},"point_estimate":-0.6572995566989254,"standard_error":0.006292638248616163},"median":{"confidence_interval":{"confidence_level":0.95,"lower_bound":-0.6522559506589494,"upper_bound":-0.6257840755233041},"point_estimate":-0.6287980225912913,"standard_error":0.00855651219946303}}