{"mean":{"confidence_interval":{"confidence_level":0.95,"lower_bound":-0.10085815141283529,"upper_bound":-0.09128532180685238},"point_estimate":-0.09589163314891058,"standard_error":0.0024445222719686683},"median":{"confidence_interval":{"confidence_level":0.95,"lower_bound":-0.08746895015967193,"upper_bound":-0.0855464953143964},"point_estimate":-0.08628954247836473,"standard_error":0.0004864647446796697}}