{"mean":{"confidence_interval":{"confidence_level":0.95,"lower_bound":320082.5062633639,"upper_bound":324031.65647518303},"point_estimate":322005.8212301258,"standard_error":1008.9079707776707},"median":{"confidence_interval":{"confidence_level":0.95,"lower_bound":317556.0283687943,"upper_bound":322851.5789473684},"point_estimate":320445.8689927584,"standard_error":1196.8895557813103},"median_abs_dev":{"confidence_interval":{"confidence_level":0.95,"lower_bound":6764.558059788714,"upper_bound":10771.174863499798},"point_estimate":8915.006098063428,"standard_error":1018.4780340686482},"slope":{"confidence_interval":{"confidence_level":0.95,"lower_bound":317968.8560075749,"upper_bound":321623.40171211737},"point_estimate":319762.22471799416,"standard_error":932.4774254374346},"std_dev":{"confidence_interval":{"confidence_level":0.95,"lower_bound":8354.411334301276,"upper_bound":11662.978368341399},"point_estimate":10121.947310633783,"standard_error":844.5160754037789}}