{"mean":{"confidence_interval":{"confidence_level":0.95,"lower_bound":0.0036281011641045038,"upper_bound":0.018991370319266204},"point_estimate":0.011062731451710217,"standard_error":0.003971932840669191},"median":{"confidence_interval":{"confidence_level":0.95,"lower_bound":0.0025529771650156796,"upper_bound":0.0037517005515563806},"point_estimate":0.0031374707178706274,"standard_error":0.0002970830162945156}}