{"mean":{"confidence_interval":{"confidence_level":0.95,"lower_bound":-0.02211155888538993,"upper_bound":-0.006963198757582587},"point_estimate":-0.014738838833195822,"standard_error":0.003881769728703295},"median":{"confidence_interval":{"confidence_level":0.95,"lower_bound":-0.029340237451115025,"upper_bound":-0.017231590100771355},"point_estimate":-0.02443876883022489,"standard_error":0.003191976682838592}}