{"mean":{"confidence_interval":{"confidence_level":0.95,"lower_bound":-0.6637377661365885,"upper_bound":-0.6485945069913966},"point_estimate":-0.6558699001361654,"standard_error":0.003862545101352115},"median":{"confidence_interval":{"confidence_level":0.95,"lower_bound":-0.6546548357283287,"upper_bound":-0.6381522499943553},"point_estimate":-0.6447348944314487,"standard_error":0.004763385558565977}}