{"mean":{"confidence_interval":{"confidence_level":0.95,"lower_bound":12816.57987176713,"upper_bound":12871.834242893416},"point_estimate":12841.076010287998,"standard_error":14.148016120512466},"median":{"confidence_interval":{"confidence_level":0.95,"lower_bound":12792.853246044735,"upper_bound":12837.637362637362},"point_estimate":12824.032297830374,"standard_error":10.012020488797395},"median_abs_dev":{"confidence_interval":{"confidence_level":0.95,"lower_bound":52.119257338999184,"upper_bound":94.89892598777793},"point_estimate":73.48893737455502,"standard_error":11.665346553984566},"slope":{"confidence_interval":{"confidence_level":0.95,"lower_bound":12782.952463702897,"upper_bound":12835.032899010988},"point_estimate":12804.94257198395,"standard_error":13.500319141096837},"std_dev":{"confidence_interval":{"confidence_level":0.95,"lower_bound":69.46388512584545,"upper_bound":207.68145502331961},"point_estimate":141.79356281206842,"standard_error":36.63774675907434}}