{"mean":{"confidence_interval":{"confidence_level":0.95,"lower_bound":-0.32243083376969395,"upper_bound":-0.1943234528637179},"point_estimate":-0.2637461004388376,"standard_error":0.03261300244670929},"median":{"confidence_interval":{"confidence_level":0.95,"lower_bound":-0.4815389584215768,"upper_bound":0.22358279751546273},"point_estimate":0.14864495854367865,"standard_error":0.2567098447058152}}