{"mean":{"confidence_interval":{"confidence_level":0.95,"lower_bound":-0.018764953855896185,"upper_bound":0.016364871835325753},"point_estimate":-0.0016622111751601887,"standard_error":0.008987779431494569},"median":{"confidence_interval":{"confidence_level":0.95,"lower_bound":-0.11425900496571384,"upper_bound":0.11761690202224973},"point_estimate":-0.0016902533245382045,"standard_error":0.058528315101761506}}