{"mean":{"confidence_interval":{"confidence_level":0.95,"lower_bound":5610706.7,"upper_bound":5647784.1},"point_estimate":5626393.2,"standard_error":9568.313884062458},"median":{"confidence_interval":{"confidence_level":0.95,"lower_bound":5601765.0,"upper_bound":5625090.0},"point_estimate":5612710.0,"standard_error":5583.489519652272},"median_abs_dev":{"confidence_interval":{"confidence_level":0.95,"lower_bound":34640.94838500023,"upper_bound":56568.60199570656},"point_estimate":45019.14820075035,"standard_error":5514.705871449629},"slope":null,"std_dev":{"confidence_interval":{"confidence_level":0.95,"lower_bound":44250.89791691926,"upper_bound":149491.34687608675},"point_estimate":95702.96263085709,"standard_error":33763.608969736735}}