{"mean":{"confidence_interval":{"confidence_level":0.95,"lower_bound":5659711.7,"upper_bound":5671045.1},"point_estimate":5665385.4,"standard_error":2877.7222931705564},"median":{"confidence_interval":{"confidence_level":0.95,"lower_bound":5661035.0,"upper_bound":5672110.0},"point_estimate":5665095.0,"standard_error":2613.039950216342},"median_abs_dev":{"confidence_interval":{"confidence_level":0.95,"lower_bound":19303.451657295227,"upper_bound":38065.75432419777},"point_estimate":29711.30347251892,"standard_error":5057.8287337941065},"slope":null,"std_dev":{"confidence_interval":{"confidence_level":0.95,"lower_bound":25222.31130326518,"upper_bound":32413.263692382472},"point_estimate":29061.7111226049,"standard_error":1845.7966468383345}}