{"mean":{"confidence_interval":{"confidence_level":0.95,"lower_bound":-0.45732312642211054,"upper_bound":-0.3124255596854208},"point_estimate":-0.3908322445774748,"standard_error":0.03693983988242017},"median":{"confidence_interval":{"confidence_level":0.95,"lower_bound":-0.4274946896705393,"upper_bound":-0.10667621992108223},"point_estimate":-0.27050104359768823,"standard_error":0.0793349502225446}}