{"mean":{"confidence_interval":{"confidence_level":0.95,"lower_bound":160.92158459220047,"upper_bound":164.94160223995016},"point_estimate":162.91149311452284,"standard_error":1.0280164291063607},"median":{"confidence_interval":{"confidence_level":0.95,"lower_bound":154.07662345466565,"upper_bound":173.19969685486927},"point_estimate":154.4091577361425,"standard_error":7.337553947004505},"median_abs_dev":{"confidence_interval":{"confidence_level":0.95,"lower_bound":2.1222098338142596,"upper_bound":15.021704172200058},"point_estimate":3.047687281765759,"standard_error":2.8715405278377446},"slope":{"confidence_interval":{"confidence_level":0.95,"lower_bound":160.29571446419422,"upper_bound":165.74453550031473},"point_estimate":162.97653149293194,"standard_error":1.389956152977046},"std_dev":{"confidence_interval":{"confidence_level":0.95,"lower_bound":9.95751402075148,"upper_bound":10.49238695440334},"point_estimate":10.342596253346253,"standard_error":0.13435360977045296}}