{"mean":{"confidence_interval":{"confidence_level":0.95,"lower_bound":173460.8288511242,"upper_bound":173799.2505896046},"point_estimate":173615.23938108276,"standard_error":87.09586155156663},"median":{"confidence_interval":{"confidence_level":0.95,"lower_bound":173256.84523809524,"upper_bound":173400.0},"point_estimate":173312.54006410256,"standard_error":35.21286293379451},"median_abs_dev":{"confidence_interval":{"confidence_level":0.95,"lower_bound":154.75004933596733,"upper_bound":311.6914030685239},"point_estimate":222.99057974856254,"standard_error":38.81594425936064},"slope":{"confidence_interval":{"confidence_level":0.95,"lower_bound":173343.90447969697,"upper_bound":173616.3767317901},"point_estimate":173466.3504260874,"standard_error":70.31075728085385},"std_dev":{"confidence_interval":{"confidence_level":0.95,"lower_bound":496.68430136541093,"upper_bound":1219.807224701658},"point_estimate":873.631703812867,"standard_error":189.31634324362344}}