{"mean":{"confidence_interval":{"confidence_level":0.95,"lower_bound":0.02885405138149287,"upper_bound":0.0694992254090827},"point_estimate":0.04803086439426729,"standard_error":0.010653695541577182},"median":{"confidence_interval":{"confidence_level":0.95,"lower_bound":0.020103044743522203,"upper_bound":0.03580328467696403},"point_estimate":0.030031875497863902,"standard_error":0.004441140771958445}}