{"mean":{"confidence_interval":{"confidence_level":0.95,"lower_bound":-0.21841341339712375,"upper_bound":-0.17811033379980742},"point_estimate":-0.19976125965219882,"standard_error":0.010187551977637406},"median":{"confidence_interval":{"confidence_level":0.95,"lower_bound":-0.2108252722800471,"upper_bound":-0.1767880908005694},"point_estimate":-0.19328987561724809,"standard_error":0.008876877128746661}}