{"mean":{"confidence_interval":{"confidence_level":0.95,"lower_bound":0.2554146674191417,"upper_bound":0.28359210527042067},"point_estimate":0.2695657546694983,"standard_error":0.007181743442812043},"median":{"confidence_interval":{"confidence_level":0.95,"lower_bound":0.2213871779757297,"upper_bound":0.31778667318814324},"point_estimate":0.30177947431458985,"standard_error":0.0194236046570337}}