{"mean":{"confidence_interval":{"confidence_level":0.95,"lower_bound":0.47473339837708656,"upper_bound":0.5024281669562823},"point_estimate":0.49103265167653976,"standard_error":0.00724133415004933},"median":{"confidence_interval":{"confidence_level":0.95,"lower_bound":0.5005863920416602,"upper_bound":0.5074899217346367},"point_estimate":0.504747786285944,"standard_error":0.0017085573657952562}}