{"mean":{"confidence_interval":{"confidence_level":0.95,"lower_bound":2192243.0869565215,"upper_bound":2214684.3043478257},"point_estimate":2202257.4347826084,"standard_error":5798.566824890741},"median":{"confidence_interval":{"confidence_level":0.95,"lower_bound":2184615.217391304,"upper_bound":2190763.0434782607},"point_estimate":2186465.217391304,"standard_error":1441.683982706147},"median_abs_dev":{"confidence_interval":{"confidence_level":0.95,"lower_bound":8650.648542072671,"upper_bound":14774.431042049377},"point_estimate":10652.158506538422,"standard_error":1644.9236631207675},"slope":null,"std_dev":{"confidence_interval":{"confidence_level":0.95,"lower_bound":25834.070674164326,"upper_bound":87568.86935616647},"point_estimate":59036.622614126885,"standard_error":16134.661519830408}}