{"mean":{"confidence_interval":{"confidence_level":0.95,"lower_bound":2197854.840625,"upper_bound":2210560.2010416673},"point_estimate":2203616.583333334,"standard_error":3266.0870938899366},"median":{"confidence_interval":{"confidence_level":0.95,"lower_bound":2194675.0,"upper_bound":2198775.0},"point_estimate":2196058.333333333,"standard_error":1098.711352267606},"median_abs_dev":{"confidence_interval":{"confidence_level":0.95,"lower_bound":6718.03113073076,"upper_bound":12883.176021278136},"point_estimate":9636.899828910828,"standard_error":1553.727333914357},"slope":null,"std_dev":{"confidence_interval":{"confidence_level":0.95,"lower_bound":16564.40753002158,"upper_bound":45458.90473002287},"point_estimate":33082.82508249731,"standard_error":7214.419404762283}}