{"mean":{"confidence_interval":{"confidence_level":0.95,"lower_bound":11263.140157034893,"upper_bound":11271.58986430256},"point_estimate":11267.189831405589,"standard_error":2.1595040892014543},"median":{"confidence_interval":{"confidence_level":0.95,"lower_bound":11254.734848484848,"upper_bound":11264.567214700193},"point_estimate":11257.895551613336,"standard_error":2.559511092225775},"median_abs_dev":{"confidence_interval":{"confidence_level":0.95,"lower_bound":8.638570555540715,"upper_bound":22.90352340143428},"point_estimate":13.194160496779194,"standard_error":3.5407875362254235},"slope":{"confidence_interval":{"confidence_level":0.95,"lower_bound":11261.0078618309,"upper_bound":11269.662836376749},"point_estimate":11265.22440788855,"standard_error":2.2118284700615827},"std_dev":{"confidence_interval":{"confidence_level":0.95,"lower_bound":16.635588207846375,"upper_bound":27.522479158342914},"point_estimate":21.703898466003253,"standard_error":2.9366416703977363}}