{"mean":{"confidence_interval":{"confidence_level":0.95,"lower_bound":344354.9030206353,"upper_bound":346163.7614774578},"point_estimate":345153.5677589316,"standard_error":466.0431301217158},"median":{"confidence_interval":{"confidence_level":0.95,"lower_bound":343647.08994708996,"upper_bound":344041.52046783624},"point_estimate":343810.06944444444,"standard_error":89.04110709600234},"median_abs_dev":{"confidence_interval":{"confidence_level":0.95,"lower_bound":399.38155152910576,"upper_bound":845.5795962615701},"point_estimate":578.8749157981732,"standard_error":113.42336763090287},"slope":{"confidence_interval":{"confidence_level":0.95,"lower_bound":344114.27048958605,"upper_bound":345477.4743869636},"point_estimate":344711.3796364711,"standard_error":351.1178001526165},"std_dev":{"confidence_interval":{"confidence_level":0.95,"lower_bound":2031.9061836544117,"upper_bound":6701.393696067533},"point_estimate":4672.885800325927,"standard_error":1182.072522353023}}