{"mean":{"confidence_interval":{"confidence_level":0.95,"lower_bound":-0.020198040409682653,"upper_bound":-0.009393913214084329},"point_estimate":-0.0148890070869796,"standard_error":0.0027502808874646733},"median":{"confidence_interval":{"confidence_level":0.95,"lower_bound":-0.023049132649812787,"upper_bound":-0.004388675023195954},"point_estimate":-0.012248798551134699,"standard_error":0.0051945467734053}}