{"mean":{"confidence_interval":{"confidence_level":0.95,"lower_bound":-0.007386936116201975,"upper_bound":0.002856106543786212},"point_estimate":-0.0022299465612990454,"standard_error":0.002605916891750666},"median":{"confidence_interval":{"confidence_level":0.95,"lower_bound":-0.015036094764460762,"upper_bound":0.006056101537729752},"point_estimate":-0.007841092478154454,"standard_error":0.005701970115166361}}