{"mean":{"confidence_interval":{"confidence_level":0.95,"lower_bound":-0.015874137109278024,"upper_bound":-0.005038878528596776},"point_estimate":-0.010835977594980561,"standard_error":0.0028299114614545387},"median":{"confidence_interval":{"confidence_level":0.95,"lower_bound":-0.017542814468205492,"upper_bound":-0.013814558819286504},"point_estimate":-0.015823197416326318,"standard_error":0.0008976900482716505}}