{"mean":{"confidence_interval":{"confidence_level":0.95,"lower_bound":-0.016511185320430465,"upper_bound":-0.0073839422241523955},"point_estimate":-0.011897212941418323,"standard_error":0.0023458436751140265},"median":{"confidence_interval":{"confidence_level":0.95,"lower_bound":-0.018760666086750977,"upper_bound":-0.008533955739957522},"point_estimate":-0.013441847102009463,"standard_error":0.0027085967706250687}}