{"mean":{"confidence_interval":{"confidence_level":0.95,"lower_bound":-0.003588921029700908,"upper_bound":0.004441569720495985},"point_estimate":0.0004883829013766494,"standard_error":0.0020220846982046503},"median":{"confidence_interval":{"confidence_level":0.95,"lower_bound":-0.003779477490176375,"upper_bound":0.0025854746432172337},"point_estimate":-0.0009760950597476059,"standard_error":0.0015479288741796313}}