{"mean":{"confidence_interval":{"confidence_level":0.95,"lower_bound":10713690.995,"upper_bound":10737753.05},"point_estimate":10725280.6,"standard_error":6143.471769204775},"median":{"confidence_interval":{"confidence_level":0.95,"lower_bound":10695660.0,"upper_bound":10725990.0},"point_estimate":10707770.0,"standard_error":7801.576779063379},"median_abs_dev":{"confidence_interval":{"confidence_level":0.95,"lower_bound":34826.27338171005,"upper_bound":60030.47293424606},"point_estimate":44300.087213516235,"standard_error":6603.015054783893},"slope":null,"std_dev":{"confidence_interval":{"confidence_level":0.95,"lower_bound":46812.68344685644,"upper_bound":74769.11257276044},"point_estimate":61592.280800290384,"standard_error":7177.279998207803}}