{"mean":{"confidence_interval":{"confidence_level":0.95,"lower_bound":0.002460483877935905,"upper_bound":0.012165903751060197},"point_estimate":0.007761396126753306,"standard_error":0.0024797065430743467},"median":{"confidence_interval":{"confidence_level":0.95,"lower_bound":0.009935203580867302,"upper_bound":0.014054671987376047},"point_estimate":0.012578302176719403,"standard_error":0.0011419070172577256}}