{"mean":{"confidence_interval":{"confidence_level":0.95,"lower_bound":-0.000407548771034896,"upper_bound":0.00046868939967179517},"point_estimate":0.00004318858449003926,"standard_error":0.00022251054117651195},"median":{"confidence_interval":{"confidence_level":0.95,"lower_bound":-0.0001443358431694186,"upper_bound":0.0004885552305020635},"point_estimate":0.00026955464996625267,"standard_error":0.00016178634803884175}}