{"mean":{"confidence_interval":{"confidence_level":0.95,"lower_bound":-0.52397498445423,"upper_bound":-0.500210718209831},"point_estimate":-0.5098995673391851,"standard_error":0.006298930643819661},"median":{"confidence_interval":{"confidence_level":0.95,"lower_bound":-0.503875299801595,"upper_bound":-0.49664502665075716},"point_estimate":-0.49959234456615265,"standard_error":0.0017243971958863307}}