{"mean":{"confidence_interval":{"confidence_level":0.95,"lower_bound":-0.009175548068992656,"upper_bound":-0.003785938046188948},"point_estimate":-0.006705583508980983,"standard_error":0.0013759888418835519},"median":{"confidence_interval":{"confidence_level":0.95,"lower_bound":-0.011184137997380255,"upper_bound":-0.005550508571098943},"point_estimate":-0.008184483257976383,"standard_error":0.0013626594677599863}}