{"mean":{"confidence_interval":{"confidence_level":0.95,"lower_bound":5818538.394444443,"upper_bound":5838015.122222223},"point_estimate":5828088.666666669,"standard_error":4981.104518104604},"median":{"confidence_interval":{"confidence_level":0.95,"lower_bound":5815200.0,"upper_bound":5837638.888888889},"point_estimate":5829527.777777778,"standard_error":5512.981816682458},"median_abs_dev":{"confidence_interval":{"confidence_level":0.95,"lower_bound":31060.057615240472,"upper_bound":53587.75238195994},"point_estimate":39840.75595935224,"standard_error":5897.715584871426},"slope":null,"std_dev":{"confidence_interval":{"confidence_level":0.95,"lower_bound":40301.00609978408,"upper_bound":59173.28330570063},"point_estimate":50066.56100820617,"standard_error":4822.677390163108}}