{"mean":{"confidence_interval":{"confidence_level":0.95,"lower_bound":6452196.9875,"upper_bound":6460800.00625},"point_estimate":6456253.125,"standard_error":2192.0042163834696},"median":{"confidence_interval":{"confidence_level":0.95,"lower_bound":6447062.5,"upper_bound":6456737.5},"point_estimate":6451062.5,"standard_error":2539.58237147467},"median_abs_dev":{"confidence_interval":{"confidence_level":0.95,"lower_bound":12574.301026761532,"upper_bound":20432.080887258053},"point_estimate":16317.865960299969,"standard_error":1992.819852577443},"slope":null,"std_dev":{"confidence_interval":{"confidence_level":0.95,"lower_bound":15103.237769074634,"upper_bound":28695.103156094225},"point_estimate":21950.990188357533,"standard_error":3538.9349786662883}}