{"mean":{"confidence_interval":{"confidence_level":0.95,"lower_bound":9120839.325,"upper_bound":9129140.549999999},"point_estimate":9124911.333333332,"standard_error":2114.864441617993},"median":{"confidence_interval":{"confidence_level":0.95,"lower_bound":9112933.333333334,"upper_bound":9125850.0},"point_estimate":9118025.0,"standard_error":2856.548658412354},"median_abs_dev":{"confidence_interval":{"confidence_level":0.95,"lower_bound":12985.104769469228,"upper_bound":24870.614558456946},"point_estimate":17259.934693575367,"standard_error":3086.798743401504},"slope":null,"std_dev":{"confidence_interval":{"confidence_level":0.95,"lower_bound":18026.305864332902,"upper_bound":24050.924181855582},"point_estimate":21273.74989963851,"standard_error":1538.8193616793344}}