{"mean":{"confidence_interval":{"confidence_level":0.95,"lower_bound":4397233.831249999,"upper_bound":4399358.685416668},"point_estimate":4398290.166666666,"standard_error":543.4801759531458},"median":{"confidence_interval":{"confidence_level":0.95,"lower_bound":4397716.666666666,"upper_bound":4399266.666666667},"point_estimate":4398362.5,"standard_error":382.96749896769137},"median_abs_dev":{"confidence_interval":{"confidence_level":0.95,"lower_bound":3910.357430577278,"upper_bound":7240.184308961861},"point_estimate":6239.274889230958,"standard_error":862.8849900057752},"slope":null,"std_dev":{"confidence_interval":{"confidence_level":0.95,"lower_bound":4603.219747243439,"upper_bound":6267.394646301628},"point_estimate":5437.442464574266,"standard_error":427.03163601556275}}