{"mean":{"confidence_interval":{"confidence_level":0.95,"lower_bound":305496.16380716854,"upper_bound":308037.4055549233},"point_estimate":306719.2324456474,"standard_error":648.1268699099566},"median":{"confidence_interval":{"confidence_level":0.95,"lower_bound":304437.5,"upper_bound":306093.8953488372},"point_estimate":305515.25493421056,"standard_error":417.8582139617094},"median_abs_dev":{"confidence_interval":{"confidence_level":0.95,"lower_bound":2892.2497364507076,"upper_bound":5763.585335175841},"point_estimate":4321.018115391841,"standard_error":715.850108846618},"slope":{"confidence_interval":{"confidence_level":0.95,"lower_bound":305588.49006105977,"upper_bound":308040.09806792473},"point_estimate":306738.4542633368,"standard_error":629.317183296015},"std_dev":{"confidence_interval":{"confidence_level":0.95,"lower_bound":4915.578500053069,"upper_bound":7864.616950077236},"point_estimate":6510.047250780186,"standard_error":754.3078581951281}}