{"mean":{"confidence_interval":{"confidence_level":0.95,"lower_bound":291766.2861098498,"upper_bound":299300.34022439003},"point_estimate":295482.97526049847,"standard_error":1917.6961376026359},"median":{"confidence_interval":{"confidence_level":0.95,"lower_bound":285076.936478156,"upper_bound":304755.0},"point_estimate":303432.86446784926,"standard_error":6821.417859057835},"median_abs_dev":{"confidence_interval":{"confidence_level":0.95,"lower_bound":14698.455153713703,"upper_bound":28821.672720916442},"point_estimate":24937.537473936856,"standard_error":3823.1623708837074},"slope":{"confidence_interval":{"confidence_level":0.95,"lower_bound":289227.4146602868,"upper_bound":298789.8121139551},"point_estimate":293987.6539825624,"standard_error":2437.4815017236224},"std_dev":{"confidence_interval":{"confidence_level":0.95,"lower_bound":16698.401932751127,"upper_bound":22497.76837137221},"point_estimate":19331.20660997771,"standard_error":1530.678717366453}}