{"mean":{"confidence_interval":{"confidence_level":0.95,"lower_bound":1370854.6426592807,"upper_bound":1386851.4120800132},"point_estimate":1378034.094555665,"standard_error":4090.183340228752},"median":{"confidence_interval":{"confidence_level":0.95,"lower_bound":1363672.852639874,"upper_bound":1367898.187134503},"point_estimate":1365835.3046594984,"standard_error":1090.9090013371294},"median_abs_dev":{"confidence_interval":{"confidence_level":0.95,"lower_bound":5943.863803878328,"upper_bound":10327.69175621135},"point_estimate":8020.402629531417,"standard_error":1140.6797628679792},"slope":{"confidence_interval":{"confidence_level":0.95,"lower_bound":1363959.2403002635,"upper_bound":1368701.2730251967},"point_estimate":1366192.1501403872,"standard_error":1209.1230344714008},"std_dev":{"confidence_interval":{"confidence_level":0.95,"lower_bound":21808.716933957625,"upper_bound":57686.4397486664},"point_estimate":41414.151176486484,"standard_error":9169.940220999255}}