{"mean":{"confidence_interval":{"confidence_level":0.95,"lower_bound":514382.3040704642,"upper_bound":517099.892570043},"point_estimate":515631.999356635,"standard_error":694.2403339489573},"median":{"confidence_interval":{"confidence_level":0.95,"lower_bound":513001.3333333333,"upper_bound":515665.38832868484},"point_estimate":514014.42697768763,"standard_error":793.8779923260664},"median_abs_dev":{"confidence_interval":{"confidence_level":0.95,"lower_bound":3478.579193487685,"upper_bound":5873.803719800414},"point_estimate":4590.993649135548,"standard_error":633.435826004713},"slope":{"confidence_interval":{"confidence_level":0.95,"lower_bound":514012.1145037895,"upper_bound":516189.3515708577},"point_estimate":515045.63115117484,"standard_error":554.6938841183857},"std_dev":{"confidence_interval":{"confidence_level":0.95,"lower_bound":4257.635576018142,"upper_bound":9781.97003002184},"point_estimate":6954.931111269654,"standard_error":1513.8991679752414}}