{"mean":{"confidence_interval":{"confidence_level":0.95,"lower_bound":5570845.0,"upper_bound":5600275.3},"point_estimate":5583539.7,"standard_error":7519.231569454699},"median":{"confidence_interval":{"confidence_level":0.95,"lower_bound":5571930.0,"upper_bound":5578465.0},"point_estimate":5574970.0,"standard_error":2184.5729891977917},"median_abs_dev":{"confidence_interval":{"confidence_level":0.95,"lower_bound":12290.753781795502,"upper_bound":24047.77157306671},"point_estimate":16879.400700330734,"standard_error":2867.8018583519697},"slope":null,"std_dev":{"confidence_interval":{"confidence_level":0.95,"lower_bound":30024.60816580846,"upper_bound":113305.41515231441},"point_estimate":75227.86718310707,"standard_error":22139.462332898136}}