{"mean":{"confidence_interval":{"confidence_level":0.95,"lower_bound":5769627.761111112,"upper_bound":5791018.238888888},"point_estimate":5779482.222222223,"standard_error":5472.9186954981615},"median":{"confidence_interval":{"confidence_level":0.95,"lower_bound":5767988.888888889,"upper_bound":5780433.333333333},"point_estimate":5773294.444444444,"standard_error":3333.0904734276673},"median_abs_dev":{"confidence_interval":{"confidence_level":0.95,"lower_bound":21291.78295532778,"upper_bound":42039.94592030835},"point_estimate":32716.039419173965,"standard_error":5431.109664303599},"slope":null,"std_dev":{"confidence_interval":{"confidence_level":0.95,"lower_bound":34108.459414446545,"upper_bound":76344.06872037706},"point_estimate":54999.87869705139,"standard_error":11393.496230980545}}