{"mean":{"confidence_interval":{"confidence_level":0.95,"lower_bound":4208929.796153846,"upper_bound":4231016.4846153855},"point_estimate":4219472.769230769,"standard_error":5635.205413388283},"median":{"confidence_interval":{"confidence_level":0.95,"lower_bound":4199869.230769231,"upper_bound":4229615.384615385},"point_estimate":4215261.538461538,"standard_error":6934.9946215575355},"median_abs_dev":{"confidence_interval":{"confidence_level":0.95,"lower_bound":37543.56550654522,"upper_bound":55506.26209149023},"point_estimate":45772.423033530315,"standard_error":4415.704793826516},"slope":null,"std_dev":{"confidence_interval":{"confidence_level":0.95,"lower_bound":39744.272713255115,"upper_bound":73313.41718625277},"point_estimate":56508.67247118097,"standard_error":8674.542927465853}}