{"mean":{"confidence_interval":{"confidence_level":0.95,"lower_bound":693.6496760500835,"upper_bound":696.779249631613},"point_estimate":695.004888689396,"standard_error":0.8073992695033122},"median":{"confidence_interval":{"confidence_level":0.95,"lower_bound":692.027320330607,"upper_bound":692.9247174456339},"point_estimate":692.4844475942988,"standard_error":0.26145966189473924},"median_abs_dev":{"confidence_interval":{"confidence_level":0.95,"lower_bound":0.903876039441987,"upper_bound":2.127544374646717},"point_estimate":1.4589880584654933,"standard_error":0.3492080090107692},"slope":{"confidence_interval":{"confidence_level":0.95,"lower_bound":693.6480776942507,"upper_bound":695.5482521267335},"point_estimate":694.5196462970075,"standard_error":0.4830747932213269},"std_dev":{"confidence_interval":{"confidence_level":0.95,"lower_bound":3.2397802843632872,"upper_bound":12.442085299243997},"point_estimate":8.157406060834688,"standard_error":2.4735832724021125}}