{"mean":{"confidence_interval":{"confidence_level":0.95,"lower_bound":-0.00031540456161276376,"upper_bound":0.008451627794316206},"point_estimate":0.004029405100201444,"standard_error":0.002225959067766213},"median":{"confidence_interval":{"confidence_level":0.95,"lower_bound":-0.008566407610770654,"upper_bound":0.012686100605116435},"point_estimate":0.0021273115474651494,"standard_error":0.004872663277202283}}