{"mean":{"confidence_interval":{"confidence_level":0.95,"lower_bound":-0.0020766393386056543,"upper_bound":0.008543552836825173},"point_estimate":0.00326940762577288,"standard_error":0.0027338942320420502},"median":{"confidence_interval":{"confidence_level":0.95,"lower_bound":-0.000015306541368387272,"upper_bound":0.0042346611692833935},"point_estimate":0.0014482434088824991,"standard_error":0.0010118827674774347}}