{"mean":{"confidence_interval":{"confidence_level":0.95,"lower_bound":10434247.184999999,"upper_bound":10470128.805000002},"point_estimate":10452034.6,"standard_error":9164.755489535692},"median":{"confidence_interval":{"confidence_level":0.95,"lower_bound":10411040.0,"upper_bound":10459670.0},"point_estimate":10434420.0,"standard_error":11228.858659560965},"median_abs_dev":{"confidence_interval":{"confidence_level":0.95,"lower_bound":79497.01058864594,"upper_bound":131906.91965818405},"point_estimate":112395.90400457382,"standard_error":13893.218693616407},"slope":null,"std_dev":{"confidence_interval":{"confidence_level":0.95,"lower_bound":81924.24587350411,"upper_bound":100850.8820886847},"point_estimate":92190.1662564063,"standard_error":4813.749678599944}}