{"mean":{"confidence_interval":{"confidence_level":0.95,"lower_bound":12514200.25,"upper_bound":12524694.79375},"point_estimate":12518792.75,"standard_error":2686.471226848816},"median":{"confidence_interval":{"confidence_level":0.95,"lower_bound":12510375.0,"upper_bound":12519800.0},"point_estimate":12514175.0,"standard_error":2241.1521973519066},"median_abs_dev":{"confidence_interval":{"confidence_level":0.95,"lower_bound":12676.229774951935,"upper_bound":20904.659628868103},"point_estimate":15808.222219347954,"standard_error":2150.6946930522354},"slope":null,"std_dev":{"confidence_interval":{"confidence_level":0.95,"lower_bound":14423.193872581749,"upper_bound":41002.65565694051},"point_estimate":27033.408132159344,"standard_error":8455.944261092514}}