{"mean":{"confidence_interval":{"confidence_level":0.95,"lower_bound":13971567.2,"upper_bound":13998178.5875},"point_estimate":13983960.25,"standard_error":6825.015176895292},"median":{"confidence_interval":{"confidence_level":0.95,"lower_bound":13960400.0,"upper_bound":13976775.0},"point_estimate":13967637.5,"standard_error":4157.8928189054495},"median_abs_dev":{"confidence_interval":{"confidence_level":0.95,"lower_bound":25185.66705286503,"upper_bound":44552.129209041595},"point_estimate":32228.016927838326,"standard_error":5351.679833385796},"slope":null,"std_dev":{"confidence_interval":{"confidence_level":0.95,"lower_bound":42206.2556401423,"upper_bound":90005.21748429649},"point_estimate":68622.53740636806,"standard_error":12208.728077370455}}