{"mean":{"confidence_interval":{"confidence_level":0.95,"lower_bound":12547601.49375,"upper_bound":12575151.00625},"point_estimate":12560220.75,"standard_error":7034.989155434239},"median":{"confidence_interval":{"confidence_level":0.95,"lower_bound":12535275.0,"upper_bound":12553775.0},"point_estimate":12541687.5,"standard_error":4907.409018300907},"median_abs_dev":{"confidence_interval":{"confidence_level":0.95,"lower_bound":24499.96456503868,"upper_bound":40975.356772542},"point_estimate":32580.13442158699,"standard_error":4316.869445200806},"slope":null,"std_dev":{"confidence_interval":{"confidence_level":0.95,"lower_bound":40518.93923258627,"upper_bound":98361.92581537188},"point_estimate":70550.66478212303,"standard_error":15044.584108958488}}