{"mean":{"confidence_interval":{"confidence_level":0.95,"lower_bound":13510874.49375,"upper_bound":13522645.53125},"point_estimate":13516526.5,"standard_error":3018.6625101109967},"median":{"confidence_interval":{"confidence_level":0.95,"lower_bound":13507275.0,"upper_bound":13514100.0},"point_estimate":13511250.0,"standard_error":1935.3509121961122},"median_abs_dev":{"confidence_interval":{"confidence_level":0.95,"lower_bound":14492.414742708206,"upper_bound":24203.444570302963},"point_estimate":18421.304672956467,"standard_error":2378.549491318518},"slope":null,"std_dev":{"confidence_interval":{"confidence_level":0.95,"lower_bound":23075.321072817955,"upper_bound":37147.219569130226},"point_estimate":30154.671317603967,"standard_error":3629.325287098855}}