{"mean":{"confidence_interval":{"confidence_level":0.95,"lower_bound":-0.08122291620767486,"upper_bound":-0.048927629234996675},"point_estimate":-0.06445498250277404,"standard_error":0.008236855003033342},"median":{"confidence_interval":{"confidence_level":0.95,"lower_bound":-0.057789702527552445,"upper_bound":-0.04250503870787514},"point_estimate":-0.05066985923785661,"standard_error":0.003913171322813239}}