{"mean":{"confidence_interval":{"confidence_level":0.95,"lower_bound":0.007268555745568715,"upper_bound":0.023021309139263948},"point_estimate":0.01544261276206571,"standard_error":0.004014287772745899},"median":{"confidence_interval":{"confidence_level":0.95,"lower_bound":0.01655186384674212,"upper_bound":0.03614306020650848},"point_estimate":0.029676592153245362,"standard_error":0.005247391761726748}}