{"mean":{"confidence_interval":{"confidence_level":0.95,"lower_bound":11512318.666666664,"upper_bound":12608563.827083338},"point_estimate":12056860.000000002,"standard_error":280304.33341030125},"median":{"confidence_interval":{"confidence_level":0.95,"lower_bound":10983233.333333334,"upper_bound":12932491.666666666},"point_estimate":12162958.333333332,"standard_error":420176.4580552834},"median_abs_dev":{"confidence_interval":{"confidence_level":0.95,"lower_bound":2748246.1512088766,"upper_bound":4307385.348528624},"point_estimate":3702601.9317656765,"standard_error":407382.85010063107},"slope":null,"std_dev":{"confidence_interval":{"confidence_level":0.95,"lower_bound":2543875.93010952,"upper_bound":3043964.2232624716},"point_estimate":2813750.9023776986,"standard_error":128177.63013173474}}