{"mean":{"confidence_interval":{"confidence_level":0.95,"lower_bound":11974912.133333331,"upper_bound":13200518.916666664},"point_estimate":12588633.083333336,"standard_error":313277.8653185627},"median":{"confidence_interval":{"confidence_level":0.95,"lower_bound":11584016.666666666,"upper_bound":13419916.666666668},"point_estimate":12537995.833333332,"standard_error":534093.4032057994},"median_abs_dev":{"confidence_interval":{"confidence_level":0.95,"lower_bound":2897988.748550417,"upper_bound":4634555.626720188},"point_estimate":3659822.74502516,"standard_error":436269.89615148667},"slope":null,"std_dev":{"confidence_interval":{"confidence_level":0.95,"lower_bound":2824862.025300897,"upper_bound":3425132.138757286},"point_estimate":3148990.862070641,"standard_error":152858.89265044912}}