{"mean":{"confidence_interval":{"confidence_level":0.95,"lower_bound":12759256.9625,"upper_bound":13798685.1},"point_estimate":13278425.5,"standard_error":265224.48053837323},"median":{"confidence_interval":{"confidence_level":0.95,"lower_bound":12346440.0,"upper_bound":14219880.0},"point_estimate":13295040.0,"standard_error":449197.5560216104},"median_abs_dev":{"confidence_interval":{"confidence_level":0.95,"lower_bound":2761668.622970581,"upper_bound":4017971.9496667385},"point_estimate":3632473.7175107,"standard_error":325038.46693849337},"slope":null,"std_dev":{"confidence_interval":{"confidence_level":0.95,"lower_bound":2409945.5214201026,"upper_bound":2876651.6561078504},"point_estimate":2664285.9138341933,"standard_error":118648.15228599377}}