{"mean":{"confidence_interval":{"confidence_level":0.95,"lower_bound":11770621.68269231,"upper_bound":12990657.013461536},"point_estimate":12380171.769230768,"standard_error":311761.41634853085},"median":{"confidence_interval":{"confidence_level":0.95,"lower_bound":11276823.076923076,"upper_bound":13497138.461538462},"point_estimate":12492807.692307692,"standard_error":552622.7965227879},"median_abs_dev":{"confidence_interval":{"confidence_level":0.95,"lower_bound":3163777.106908652,"upper_bound":4751219.707956681},"point_estimate":4068248.625466457,"standard_error":407166.98491062096},"slope":null,"std_dev":{"confidence_interval":{"confidence_level":0.95,"lower_bound":2833269.2910901057,"upper_bound":3385930.942691306},"point_estimate":3134395.3617371665,"standard_error":140888.52496572022}}