{"mean":{"confidence_interval":{"confidence_level":0.95,"lower_bound":-0.029475885913519434,"upper_bound":-0.009078590564284481},"point_estimate":-0.019357563933300348,"standard_error":0.0050842428201139725},"median":{"confidence_interval":{"confidence_level":0.95,"lower_bound":-0.06323894395883867,"upper_bound":0.02088058611182878},"point_estimate":0.016936323398001774,"standard_error":0.015159734397946352}}