{"mean":{"confidence_interval":{"confidence_level":0.95,"lower_bound":206134.77649508585,"upper_bound":208217.5201989614},"point_estimate":207036.58015890987,"standard_error":541.2692190842815},"median":{"confidence_interval":{"confidence_level":0.95,"lower_bound":205641.07548701297,"upper_bound":207296.80216802168},"point_estimate":206607.53846153844,"standard_error":389.8279042920345},"median_abs_dev":{"confidence_interval":{"confidence_level":0.95,"lower_bound":1913.979722148294,"upper_bound":3477.4435931628263},"point_estimate":2776.400106959045,"standard_error":398.91401284562636},"slope":{"confidence_interval":{"confidence_level":0.95,"lower_bound":206602.49086617868,"upper_bound":210583.3626180171},"point_estimate":208256.6203635289,"standard_error":1042.1544381610636},"std_dev":{"confidence_interval":{"confidence_level":0.95,"lower_bound":2387.5443301637097,"upper_bound":8414.894811614686},"point_estimate":5459.514379766683,"standard_error":1759.1784530981508}}