{"mean":{"confidence_interval":{"confidence_level":0.95,"lower_bound":11148.220674915665,"upper_bound":11202.530798365178},"point_estimate":11172.956500254115,"standard_error":13.908005768394931},"median":{"confidence_interval":{"confidence_level":0.95,"lower_bound":11133.423380349032,"upper_bound":11152.20706260032},"point_estimate":11139.13491426533,"standard_error":3.8573385387327606},"median_abs_dev":{"confidence_interval":{"confidence_level":0.95,"lower_bound":31.888687721229715,"upper_bound":70.43724442721562},"point_estimate":50.322330567274335,"standard_error":10.33644608525252},"slope":{"confidence_interval":{"confidence_level":0.95,"lower_bound":11123.605806689082,"upper_bound":11173.461091833422},"point_estimate":11145.766484077554,"standard_error":12.785506697949193},"std_dev":{"confidence_interval":{"confidence_level":0.95,"lower_bound":75.43910647333436,"upper_bound":192.83563856383034},"point_estimate":139.9240611839562,"standard_error":29.953770524089336}}