{"mean":{"confidence_interval":{"confidence_level":0.95,"lower_bound":-0.2545265829110976,"upper_bound":-0.22527722088723184},"point_estimate":-0.2393319605588191,"standard_error":0.007443802638188028},"median":{"confidence_interval":{"confidence_level":0.95,"lower_bound":-0.24672554776162792,"upper_bound":-0.23472449377007187},"point_estimate":-0.2406829086849991,"standard_error":0.002851568718335934}}