{"mean":{"confidence_interval":{"confidence_level":0.95,"lower_bound":-0.698130267871815,"upper_bound":-0.6955498848799851},"point_estimate":-0.696928896626757,"standard_error":0.0006535728728005038},"median":{"confidence_interval":{"confidence_level":0.95,"lower_bound":-0.7005923225431151,"upper_bound":-0.6955235941702069},"point_estimate":-0.6970683589617565,"standard_error":0.001543038287956335}}