{"mean":{"confidence_interval":{"confidence_level":0.95,"lower_bound":-0.021234335991316758,"upper_bound":-0.01954151141045756},"point_estimate":-0.020387732699834626,"standard_error":0.0004326252821240016},"median":{"confidence_interval":{"confidence_level":0.95,"lower_bound":-0.02146097233538269,"upper_bound":-0.01962437394912009},"point_estimate":-0.020554862622313097,"standard_error":0.0004762687709612892}}