{"mean":{"confidence_interval":{"confidence_level":0.95,"lower_bound":0.7763276291954997,"upper_bound":0.8304551653360966},"point_estimate":0.8045151902213425,"standard_error":0.013901645968125638},"median":{"confidence_interval":{"confidence_level":0.95,"lower_bound":0.8175819233516095,"upper_bound":0.8690101908908181},"point_estimate":0.8520211403276876,"standard_error":0.015421791682819616}}