{"mean":{"confidence_interval":{"confidence_level":0.95,"lower_bound":-0.0006994564974682703,"upper_bound":0.01775786804653418},"point_estimate":0.008936736774881382,"standard_error":0.004704858518822123},"median":{"confidence_interval":{"confidence_level":0.95,"lower_bound":0.014921439905026864,"upper_bound":0.029213293903242565},"point_estimate":0.021767965857798055,"standard_error":0.0037186241829040186}}