{"mean":{"confidence_interval":{"confidence_level":0.95,"lower_bound":10823473.795,"upper_bound":10846581.01},"point_estimate":10834184.4,"standard_error":5907.277090420145},"median":{"confidence_interval":{"confidence_level":0.95,"lower_bound":10813660.0,"upper_bound":10824610.0},"point_estimate":10817640.0,"standard_error":3025.4698196847316},"median_abs_dev":{"confidence_interval":{"confidence_level":0.95,"lower_bound":19066.235661506653,"upper_bound":39792.983293533325},"point_estimate":26182.71553516388,"standard_error":4891.484850629251},"slope":null,"std_dev":{"confidence_interval":{"confidence_level":0.95,"lower_bound":37114.52660518759,"upper_bound":78586.6071479564},"point_estimate":59362.73276265593,"standard_error":10636.89728736618}}