{"mean":{"confidence_interval":{"confidence_level":0.95,"lower_bound":-0.07769969004592696,"upper_bound":-0.06805305946727905},"point_estimate":-0.07331661184900473,"standard_error":0.0024916723446850274},"median":{"confidence_interval":{"confidence_level":0.95,"lower_bound":-0.07885499994851186,"upper_bound":-0.07079214138389844},"point_estimate":-0.074729104237659,"standard_error":0.0020076727562471507}}