{"mean":{"confidence_interval":{"confidence_level":0.95,"lower_bound":2291952.272727272,"upper_bound":2335077.742045454},"point_estimate":2312123.3181818174,"standard_error":11019.654087865074},"median":{"confidence_interval":{"confidence_level":0.95,"lower_bound":2264754.5454545454,"upper_bound":2282740.909090909},"point_estimate":2273636.3636363633,"standard_error":4979.947363171503},"median_abs_dev":{"confidence_interval":{"confidence_level":0.95,"lower_bound":23317.254131490503,"upper_bound":45290.0596504862},"point_estimate":32650.894874875536,"standard_error":5404.694833793408},"slope":null,"std_dev":{"confidence_interval":{"confidence_level":0.95,"lower_bound":77439.35748334468,"upper_bound":137900.955856274},"point_estimate":110735.32837175942,"standard_error":15447.338981723475}}