{"mean":{"confidence_interval":{"confidence_level":0.95,"lower_bound":-0.6641051868088532,"upper_bound":-0.661733479922278},"point_estimate":-0.66286772227911,"standard_error":0.0006031517534047648},"median":{"confidence_interval":{"confidence_level":0.95,"lower_bound":-0.6619999051344985,"upper_bound":-0.6609773798245321},"point_estimate":-0.661426556404435,"standard_error":0.00022415351630081815}}