{"mean":{"confidence_interval":{"confidence_level":0.95,"lower_bound":0.002456594517027189,"upper_bound":0.029683803797060048},"point_estimate":0.01613467468672214,"standard_error":0.006950724794629142},"median":{"confidence_interval":{"confidence_level":0.95,"lower_bound":0.0076676926709848825,"upper_bound":0.02872495509685491},"point_estimate":0.018671905741385553,"standard_error":0.004930555271281736}}