{"mean":{"confidence_interval":{"confidence_level":0.95,"lower_bound":0.013631423560178105,"upper_bound":0.03002075043594649},"point_estimate":0.022132410331665353,"standard_error":0.004168382147206782},"median":{"confidence_interval":{"confidence_level":0.95,"lower_bound":0.008950431787137392,"upper_bound":0.016251526869884302},"point_estimate":0.012886849094307706,"standard_error":0.001853926887279564}}