{"mean":{"confidence_interval":{"confidence_level":0.95,"lower_bound":16419649.6875,"upper_bound":16465464.9125},"point_estimate":16440299.0,"standard_error":11733.49016884625},"median":{"confidence_interval":{"confidence_level":0.95,"lower_bound":16398300.0,"upper_bound":16435250.0},"point_estimate":16410675.0,"standard_error":11100.949500313682},"median_abs_dev":{"confidence_interval":{"confidence_level":0.95,"lower_bound":49852.42411494255,"upper_bound":76706.01613819599},"point_estimate":64252.176359295845,"standard_error":6963.78005409101},"slope":null,"std_dev":{"confidence_interval":{"confidence_level":0.95,"lower_bound":67205.62610367806,"upper_bound":170404.4233617987},"point_estimate":117740.44884594438,"standard_error":29526.264265874197}}