{"mean":{"confidence_interval":{"confidence_level":0.95,"lower_bound":16878725.316666666,"upper_bound":16898033.7},"point_estimate":16887870.000000004,"standard_error":4944.356436896218},"median":{"confidence_interval":{"confidence_level":0.95,"lower_bound":16867900.0,"upper_bound":16882900.0},"point_estimate":16875516.666666668,"standard_error":3453.6689803561817},"median_abs_dev":{"confidence_interval":{"confidence_level":0.95,"lower_bound":24141.669571397848,"upper_bound":42155.2592515927},"point_estimate":32987.84941435137,"standard_error":4560.079112805372},"slope":null,"std_dev":{"confidence_interval":{"confidence_level":0.95,"lower_bound":35634.36430294373,"upper_bound":64439.64391245639},"point_estimate":49859.69956641307,"standard_error":7545.375131282403}}