{"mean":{"confidence_interval":{"confidence_level":0.95,"lower_bound":0.3847591914774374,"upper_bound":0.4025500619575518},"point_estimate":0.39409757562601055,"standard_error":0.004546630935570058},"median":{"confidence_interval":{"confidence_level":0.95,"lower_bound":0.39453869856763013,"upper_bound":0.4075412662430957},"point_estimate":0.4006609817394715,"standard_error":0.003241068632351548}}