{"mean":{"confidence_interval":{"confidence_level":0.95,"lower_bound":-0.030814238079912227,"upper_bound":-0.020782083597045465},"point_estimate":-0.025258471400455562,"standard_error":0.00257594520440052},"median":{"confidence_interval":{"confidence_level":0.95,"lower_bound":-0.02205618403434749,"upper_bound":-0.02058166312672327},"point_estimate":-0.02140296176125578,"standard_error":0.0003785970218903344}}