{"mean":{"confidence_interval":{"confidence_level":0.95,"lower_bound":16368364.24375,"upper_bound":16429600.4625},"point_estimate":16398768.5,"standard_error":15573.057238253235},"median":{"confidence_interval":{"confidence_level":0.95,"lower_bound":16332900.0,"upper_bound":16439975.0},"point_estimate":16378500.0,"standard_error":24674.62915956516},"median_abs_dev":{"confidence_interval":{"confidence_level":0.95,"lower_bound":120980.15785217285,"upper_bound":195184.28653478622},"point_estimate":163141.59460365772,"standard_error":19648.079423300947},"slope":null,"std_dev":{"confidence_interval":{"confidence_level":0.95,"lower_bound":135221.24390314802,"upper_bound":175117.69377310682},"point_estimate":156310.87834711463,"standard_error":10166.527250543208}}