{"mean":{"confidence_interval":{"confidence_level":0.95,"lower_bound":13837132.2875,"upper_bound":13941169.15},"point_estimate":13885577.5,"standard_error":26623.27921600654},"median":{"confidence_interval":{"confidence_level":0.95,"lower_bound":13804925.0,"upper_bound":13868562.5},"point_estimate":13830750.0,"standard_error":17574.812554748234},"median_abs_dev":{"confidence_interval":{"confidence_level":0.95,"lower_bound":113011.18299365044,"upper_bound":173019.41692829132},"point_estimate":147203.6448866129,"standard_error":15394.288391241149},"slope":null,"std_dev":{"confidence_interval":{"confidence_level":0.95,"lower_bound":170937.74725715176,"upper_bound":369541.5765201216},"point_estimate":268362.4083744505,"standard_error":53217.20276050844}}