{"mean":{"confidence_interval":{"confidence_level":0.95,"lower_bound":15571458.1875,"upper_bound":15729679.66875},"point_estimate":15644349.25,"standard_error":40340.03405094016},"median":{"confidence_interval":{"confidence_level":0.95,"lower_bound":15465525.0,"upper_bound":15568712.5},"point_estimate":15519612.5,"standard_error":28726.649115015418},"median_abs_dev":{"confidence_interval":{"confidence_level":0.95,"lower_bound":88770.67342400551,"upper_bound":180506.5467953682},"point_estimate":129875.75769424438,"standard_error":22933.42982267916},"slope":null,"std_dev":{"confidence_interval":{"confidence_level":0.95,"lower_bound":255076.07386280535,"upper_bound":536196.6998122828},"point_estimate":405263.8711485027,"standard_error":71925.24046809619}}