{"mean":{"confidence_interval":{"confidence_level":0.95,"lower_bound":0.4280241837903251,"upper_bound":0.486274890874983},"point_estimate":0.4619605724799014,"standard_error":0.015132844219579012},"median":{"confidence_interval":{"confidence_level":0.95,"lower_bound":0.4699639461843413,"upper_bound":0.4979072535571323},"point_estimate":0.47948892495318973,"standard_error":0.006430835732973154}}