{"mean":{"confidence_interval":{"confidence_level":0.95,"lower_bound":-0.004393418224330053,"upper_bound":-0.003291126526799626},"point_estimate":-0.0038746884415129523,"standard_error":0.00028104057100045214},"median":{"confidence_interval":{"confidence_level":0.95,"lower_bound":-0.004410223261472113,"upper_bound":-0.0036546073215689874},"point_estimate":-0.0040130644711151575,"standard_error":0.00020020007510132518}}