{"mean":{"confidence_interval":{"confidence_level":0.95,"lower_bound":-0.26896526000986615,"upper_bound":-0.20602918968485887},"point_estimate":-0.2352071319508069,"standard_error":0.016144735229745813},"median":{"confidence_interval":{"confidence_level":0.95,"lower_bound":-0.24256817475012082,"upper_bound":-0.21471344056796413},"point_estimate":-0.22922929730344932,"standard_error":0.006931573221990989}}