{"mean":{"confidence_interval":{"confidence_level":0.95,"lower_bound":-0.7538760910664155,"upper_bound":-0.7523216349106693},"point_estimate":-0.7530633846828653,"standard_error":0.0003967576409888338},"median":{"confidence_interval":{"confidence_level":0.95,"lower_bound":-0.7526134652561867,"upper_bound":-0.7508150900609418},"point_estimate":-0.7515959497555597,"standard_error":0.0004764442617520536}}