{"mean":{"confidence_interval":{"confidence_level":0.95,"lower_bound":-0.6634246525538203,"upper_bound":-0.6562209748346538},"point_estimate":-0.6597389443522833,"standard_error":0.001834827405059196},"median":{"confidence_interval":{"confidence_level":0.95,"lower_bound":-0.661412946375427,"upper_bound":-0.655572501911394},"point_estimate":-0.6593764069619714,"standard_error":0.001569313300713}}