{"mean":{"confidence_interval":{"confidence_level":0.95,"lower_bound":-0.24038877137337492,"upper_bound":-0.2202078509124895},"point_estimate":-0.22871746371199775,"standard_error":0.005271152196099473},"median":{"confidence_interval":{"confidence_level":0.95,"lower_bound":-0.22346587025661024,"upper_bound":-0.21740512069481233},"point_estimate":-0.22160322030704294,"standard_error":0.0016105808109500219}}