{"mean":{"confidence_interval":{"confidence_level":0.95,"lower_bound":-0.005784305079206416,"upper_bound":0.0033356628661831084},"point_estimate":-0.0001513451455574799,"standard_error":0.002485321118036836},"median":{"confidence_interval":{"confidence_level":0.95,"lower_bound":0.0030893025339978463,"upper_bound":0.0042358874541943425},"point_estimate":0.0037260758144359585,"standard_error":0.0002934091278464956}}