{"mean":{"confidence_interval":{"confidence_level":0.95,"lower_bound":4639781.443181819,"upper_bound":4643369.475},"point_estimate":4641521.0,"standard_error":917.6742134372037},"median":{"confidence_interval":{"confidence_level":0.95,"lower_bound":4639381.818181818,"upper_bound":4641836.363636363},"point_estimate":4640368.181818182,"standard_error":643.190920298478},"median_abs_dev":{"confidence_interval":{"confidence_level":0.95,"lower_bound":5040.839910507185,"upper_bound":8720.383481546132},"point_estimate":6887.350786816053,"standard_error":900.726777578328},"slope":null,"std_dev":{"confidence_interval":{"confidence_level":0.95,"lower_bound":7055.4826496889245,"upper_bound":11276.100881357657},"point_estimate":9220.275198665482,"standard_error":1084.7906642840917}}