{"mean":{"confidence_interval":{"confidence_level":0.95,"lower_bound":5079225.699999999,"upper_bound":5111995.311363636},"point_estimate":5093451.454545454,"standard_error":8460.359182157341},"median":{"confidence_interval":{"confidence_level":0.95,"lower_bound":5067886.363636363,"upper_bound":5077459.090909091},"point_estimate":5072731.818181818,"standard_error":2752.7390507850664},"median_abs_dev":{"confidence_interval":{"confidence_level":0.95,"lower_bound":12979.488860477039,"upper_bound":22387.259602546692},"point_estimate":16733.16243019921,"standard_error":2251.054910532987},"slope":null,"std_dev":{"confidence_interval":{"confidence_level":0.95,"lower_bound":29131.726870922666,"upper_bound":127188.07495668081},"point_estimate":85539.72034640584,"standard_error":26033.18619732911}}