{"mean":{"confidence_interval":{"confidence_level":0.95,"lower_bound":-0.08735236283697966,"upper_bound":-0.07346597655886458},"point_estimate":-0.08027616557625417,"standard_error":0.0035084273828993617},"median":{"confidence_interval":{"confidence_level":0.95,"lower_bound":-0.08498348909506404,"upper_bound":-0.08072394364102309},"point_estimate":-0.08245922423728469,"standard_error":0.0010949123476280175}}