{"mean":{"confidence_interval":{"confidence_level":0.95,"lower_bound":2220175.5434782603,"upper_bound":2259581.6119565214},"point_estimate":2238509.2173913047,"standard_error":10090.004189547166},"median":{"confidence_interval":{"confidence_level":0.95,"lower_bound":2201604.347826087,"upper_bound":2216304.347826087},"point_estimate":2208636.9565217393,"standard_error":3644.605737812839},"median_abs_dev":{"confidence_interval":{"confidence_level":0.95,"lower_bound":19821.7170393986,"upper_bound":37422.757161699985},"point_estimate":28868.799922259346,"standard_error":4600.542286111825},"slope":null,"std_dev":{"confidence_interval":{"confidence_level":0.95,"lower_bound":65511.67715236623,"upper_bound":129357.13765618761},"point_estimate":101191.07958118478,"standard_error":16318.271915373547}}