{"mean":{"confidence_interval":{"confidence_level":0.95,"lower_bound":2262856.7136363625,"upper_bound":2278593.3647727272},"point_estimate":2270582.1363636367,"standard_error":4006.9437216220176},"median":{"confidence_interval":{"confidence_level":0.95,"lower_bound":2255218.1818181816,"upper_bound":2279404.5454545454},"point_estimate":2268190.909090909,"standard_error":6316.6917335720545},"median_abs_dev":{"confidence_interval":{"confidence_level":0.95,"lower_bound":33695.45394724028,"upper_bound":53168.14102198572},"point_estimate":42816.81333075898,"standard_error":4824.278269290433},"slope":null,"std_dev":{"confidence_interval":{"confidence_level":0.95,"lower_bound":34285.90495425593,"upper_bound":46119.26307032176},"point_estimate":40406.868720047605,"standard_error":3030.6175905165574}}