{"mean":{"confidence_interval":{"confidence_level":0.95,"lower_bound":2224002.0293478263,"upper_bound":2265566.0163043486},"point_estimate":2243445.565217392,"standard_error":10579.487780209567},"median":{"confidence_interval":{"confidence_level":0.95,"lower_bound":2196500.0,"upper_bound":2222647.8260869565},"point_estimate":2209178.2608695654,"standard_error":6824.798673621506},"median_abs_dev":{"confidence_interval":{"confidence_level":0.95,"lower_bound":27273.393428843323,"upper_bound":52790.30876930631},"point_estimate":40652.24666958312,"standard_error":6572.555625452174},"slope":null,"std_dev":{"confidence_interval":{"confidence_level":0.95,"lower_bound":73342.33386515283,"upper_bound":132685.01438997968},"point_estimate":106103.74096594682,"standard_error":15141.082422932463}}