{"mean":{"confidence_interval":{"confidence_level":0.95,"lower_bound":2235352.5130434786,"upper_bound":2282019.851086957},"point_estimate":2257104.7391304355,"standard_error":11981.12309994818},"median":{"confidence_interval":{"confidence_level":0.95,"lower_bound":2216547.8260869565,"upper_bound":2225965.217391304},"point_estimate":2221213.0434782607,"standard_error":2249.0214271159034},"median_abs_dev":{"confidence_interval":{"confidence_level":0.95,"lower_bound":22861.04698543971,"upper_bound":36678.234131439334},"point_estimate":29848.605122255136,"standard_error":3648.886785497323},"slope":null,"std_dev":{"confidence_interval":{"confidence_level":0.95,"lower_bound":78162.49389915708,"upper_bound":154765.59816851077},"point_estimate":120267.57473246548,"standard_error":19501.045236714082}}