{"mean":{"confidence_interval":{"confidence_level":0.95,"lower_bound":2163145.628260869,"upper_bound":2202644.7826086944},"point_estimate":2181233.565217391,"standard_error":10129.768079103886},"median":{"confidence_interval":{"confidence_level":0.95,"lower_bound":2142926.086956522,"upper_bound":2151200.0},"point_estimate":2146632.6086956523,"standard_error":2415.732765792364},"median_abs_dev":{"confidence_interval":{"confidence_level":0.95,"lower_bound":12305.579781531942,"upper_bound":23257.481326227782},"point_estimate":17207.828824934662,"standard_error":2675.190753524474},"slope":null,"std_dev":{"confidence_interval":{"confidence_level":0.95,"lower_bound":63355.194992993784,"upper_bound":132565.88709561262},"point_estimate":101972.59619365596,"standard_error":17596.628148517237}}