{"mean":{"confidence_interval":{"confidence_level":0.95,"lower_bound":-0.005506458799923083,"upper_bound":-0.000053203150792263176},"point_estimate":-0.003043776427043565,"standard_error":0.0014925894006674815},"median":{"confidence_interval":{"confidence_level":0.95,"lower_bound":-0.006915963830708027,"upper_bound":-0.0057994548222291},"point_estimate":-0.006488303945408558,"standard_error":0.00026199321282404763}}