{"mean":{"confidence_interval":{"confidence_level":0.95,"lower_bound":1.7208304773716592,"upper_bound":1.7907939600548637},"point_estimate":1.7590324091133924,"standard_error":0.017935835488023178},"median":{"confidence_interval":{"confidence_level":0.95,"lower_bound":1.780692386133099,"upper_bound":1.8007290507829161},"point_estimate":1.790453072681812,"standard_error":0.005409741878863693}}