{"mean":{"confidence_interval":{"confidence_level":0.95,"lower_bound":-0.06181453780091141,"upper_bound":-0.034377456298968705},"point_estimate":-0.048118513992989054,"standard_error":0.006974003748881629},"median":{"confidence_interval":{"confidence_level":0.95,"lower_bound":-0.11548862205223054,"upper_bound":0.04076867036323972},"point_estimate":-0.07322322458840047,"standard_error":0.04247140499692125}}