{"mean":{"confidence_interval":{"confidence_level":0.95,"lower_bound":12605548.908333335,"upper_bound":13804105.166666664},"point_estimate":13204053.499999998,"standard_error":306288.59585380007},"median":{"confidence_interval":{"confidence_level":0.95,"lower_bound":12150933.333333334,"upper_bound":14160658.333333332},"point_estimate":13185695.833333332,"standard_error":518047.4821495837},"median_abs_dev":{"confidence_interval":{"confidence_level":0.95,"lower_bound":3098269.472494722,"upper_bound":4646604.222506284},"point_estimate":3948466.42740071,"standard_error":395495.7406462167},"slope":null,"std_dev":{"confidence_interval":{"confidence_level":0.95,"lower_bound":2789061.2227253057,"upper_bound":3329226.785833441},"point_estimate":3081024.6731923185,"standard_error":138219.21972028032}}