{"mean":{"confidence_interval":{"confidence_level":0.95,"lower_bound":0.027183729303757655,"upper_bound":0.03125915671135894},"point_estimate":0.029184712728535178,"standard_error":0.0010409623150113173},"median":{"confidence_interval":{"confidence_level":0.95,"lower_bound":0.028111951208278807,"upper_bound":0.03291906670589522},"point_estimate":0.031051446881339206,"standard_error":0.0011814495818659053}}