{"mean":{"confidence_interval":{"confidence_level":0.95,"lower_bound":-0.004866303182403666,"upper_bound":-0.0010003385312847618},"point_estimate":-0.0029380603302257002,"standard_error":0.0009876896022074253},"median":{"confidence_interval":{"confidence_level":0.95,"lower_bound":-0.0010478630661266582,"upper_bound":-0.0001476887176158348},"point_estimate":-0.0005090370685298939,"standard_error":0.00024295829789241808}}