{"mean":{"confidence_interval":{"confidence_level":0.95,"lower_bound":131209.32137182297,"upper_bound":132320.89928785522},"point_estimate":131735.28933394596,"standard_error":284.00744565304115},"median":{"confidence_interval":{"confidence_level":0.95,"lower_bound":130618.5,"upper_bound":131242.15686274512},"point_estimate":130859.87082156309,"standard_error":161.93494935169784},"median_abs_dev":{"confidence_interval":{"confidence_level":0.95,"lower_bound":1109.386811868169,"upper_bound":2245.7656320130036},"point_estimate":1734.5095942062928,"standard_error":279.12110892429916},"slope":{"confidence_interval":{"confidence_level":0.95,"lower_bound":131072.19092876874,"upper_bound":133130.76448941903},"point_estimate":131955.21379488695,"standard_error":533.4294719020903},"std_dev":{"confidence_interval":{"confidence_level":0.95,"lower_bound":2014.9365542909711,"upper_bound":3724.761107442555},"point_estimate":2860.199513522213,"standard_error":447.303627074643}}