{"mean":{"confidence_interval":{"confidence_level":0.95,"lower_bound":20316456.266666662,"upper_bound":20336917.675000004},"point_estimate":20326487.666666664,"standard_error":5220.14844690323},"median":{"confidence_interval":{"confidence_level":0.95,"lower_bound":20302633.333333332,"upper_bound":20326266.666666664},"point_estimate":20315916.666666668,"standard_error":6228.933628445133},"median_abs_dev":{"confidence_interval":{"confidence_level":0.95,"lower_bound":37756.87932968047,"upper_bound":63158.758878707886},"point_estimate":54485.549032690906,"standard_error":6380.9841926655245},"slope":null,"std_dev":{"confidence_interval":{"confidence_level":0.95,"lower_bound":44349.92983020256,"upper_bound":59809.01197213026},"point_estimate":52542.907837053186,"standard_error":3958.35600432221}}