{"mean":{"confidence_interval":{"confidence_level":0.95,"lower_bound":22628493.324999988,"upper_bound":22651613.674999997},"point_estimate":22639713.66666666,"standard_error":5893.934088267267},"median":{"confidence_interval":{"confidence_level":0.95,"lower_bound":22614900.0,"upper_bound":22637066.666666668},"point_estimate":22623066.666666668,"standard_error":6364.94360493388},"median_abs_dev":{"confidence_interval":{"confidence_level":0.95,"lower_bound":31974.73943233674,"upper_bound":59971.16893530444},"point_estimate":44477.999210357666,"standard_error":7488.57645910289},"slope":null,"std_dev":{"confidence_interval":{"confidence_level":0.95,"lower_bound":47798.686693418465,"upper_bound":69945.83007115716},"point_estimate":59273.791502103,"standard_error":5688.441667142608}}