{"mean":{"confidence_interval":{"confidence_level":0.95,"lower_bound":0.014923022562966261,"upper_bound":0.01890842916075041},"point_estimate":0.01708888908362516,"standard_error":0.0010198876056604505},"median":{"confidence_interval":{"confidence_level":0.95,"lower_bound":0.01876541466129167,"upper_bound":0.020517031469345026},"point_estimate":0.01974782158653876,"standard_error":0.00044219161122709046}}