{"mean":{"confidence_interval":{"confidence_level":0.95,"lower_bound":2185878.2391304336,"upper_bound":2209535.6173913046},"point_estimate":2196348.7391304336,"standard_error":6078.243025379216},"median":{"confidence_interval":{"confidence_level":0.95,"lower_bound":2180615.2173913047,"upper_bound":2190906.521739131},"point_estimate":2186106.521739131,"standard_error":2673.12551970239},"median_abs_dev":{"confidence_interval":{"confidence_level":0.95,"lower_bound":21613.729181497292,"upper_bound":37077.891515649106},"point_estimate":28646.409926206525,"standard_error":4007.0114598194523},"slope":null,"std_dev":{"confidence_interval":{"confidence_level":0.95,"lower_bound":31920.50475935031,"upper_bound":90572.08399552696},"point_estimate":61173.09378990458,"standard_error":16618.39065660444}}