{"mean":{"confidence_interval":{"confidence_level":0.95,"lower_bound":1122804.2100523664,"upper_bound":1130278.2864016306},"point_estimate":1126458.8102996966,"standard_error":1908.8908459268391},"median":{"confidence_interval":{"confidence_level":0.95,"lower_bound":1118719.5833333335,"upper_bound":1126484.4429347827},"point_estimate":1121132.3191489363,"standard_error":2155.921197547297},"median_abs_dev":{"confidence_interval":{"confidence_level":0.95,"lower_bound":12031.893038245471,"upper_bound":22614.27309123991},"point_estimate":15008.790374566384,"standard_error":2812.3033917253138},"slope":{"confidence_interval":{"confidence_level":0.95,"lower_bound":1122486.6603023747,"upper_bound":1131651.7511320435},"point_estimate":1126968.8479385253,"standard_error":2334.0026190708886},"std_dev":{"confidence_interval":{"confidence_level":0.95,"lower_bound":16565.227238428964,"upper_bound":21472.957431950686},"point_estimate":19236.933253315405,"standard_error":1250.022441489677}}