{"mean":{"confidence_interval":{"confidence_level":0.95,"lower_bound":-0.00021925032570691276,"upper_bound":0.004223029881594723},"point_estimate":0.0018374353016892275,"standard_error":0.0011743951541750924},"median":{"confidence_interval":{"confidence_level":0.95,"lower_bound":-0.0010855882164580164,"upper_bound":0.0013615684418022411},"point_estimate":0.0003892104204985536,"standard_error":0.0006011782501992725}}