{"mean":{"confidence_interval":{"confidence_level":0.95,"lower_bound":0.8683708377167273,"upper_bound":0.9189726658269802},"point_estimate":0.8945844473179465,"standard_error":0.012936420744512426},"median":{"confidence_interval":{"confidence_level":0.95,"lower_bound":0.8998892628248722,"upper_bound":0.9532684691229107},"point_estimate":0.9208199290882522,"standard_error":0.013005123075437426}}