{"mean":{"confidence_interval":{"confidence_level":0.95,"lower_bound":4950291.631818182,"upper_bound":4963487.1068181805},"point_estimate":4956522.727272728,"standard_error":3376.580213122788},"median":{"confidence_interval":{"confidence_level":0.95,"lower_bound":4943931.818181818,"upper_bound":4952272.7272727275},"point_estimate":4947272.727272727,"standard_error":1682.7724675190675},"median_abs_dev":{"confidence_interval":{"confidence_level":0.95,"lower_bound":14542.957923628941,"upper_bound":25130.069553852773},"point_estimate":20965.311445972573,"standard_error":2668.1808543051097},"slope":null,"std_dev":{"confidence_interval":{"confidence_level":0.95,"lower_bound":24000.822345179004,"upper_bound":42365.128148792784},"point_estimate":33881.65411422998,"standard_error":4706.503623411412}}