{"mean":{"confidence_interval":{"confidence_level":0.95,"lower_bound":0.010175675866573653,"upper_bound":0.026962445391730087},"point_estimate":0.019205520095857187,"standard_error":0.004277420109131254},"median":{"confidence_interval":{"confidence_level":0.95,"lower_bound":0.021213368387887017,"upper_bound":0.029604951134635016},"point_estimate":0.025283980699911224,"standard_error":0.0022366212560148944}}