{"mean":{"confidence_interval":{"confidence_level":0.95,"lower_bound":-0.6698313920988079,"upper_bound":-0.6679865180764772},"point_estimate":-0.6688977836015837,"standard_error":0.0004709385613446705},"median":{"confidence_interval":{"confidence_level":0.95,"lower_bound":-0.6693809009610239,"upper_bound":-0.6668304936559458},"point_estimate":-0.667994055246536,"standard_error":0.0005847662199056198}}