{"mean":{"confidence_interval":{"confidence_level":0.95,"lower_bound":0.5018598309928787,"upper_bound":0.5318423093866842},"point_estimate":0.5184624778571725,"standard_error":0.007697979570665339},"median":{"confidence_interval":{"confidence_level":0.95,"lower_bound":0.5360337152977362,"upper_bound":0.5430666832570201},"point_estimate":0.5396779615113705,"standard_error":0.001891105731197385}}