{"mean":{"confidence_interval":{"confidence_level":0.95,"lower_bound":274481.927847041,"upper_bound":276780.39194487693},"point_estimate":275556.0903380229,"standard_error":586.8556353989569},"median":{"confidence_interval":{"confidence_level":0.95,"lower_bound":272834.25925925927,"upper_bound":274957.95454545453},"point_estimate":274054.5498084291,"standard_error":539.7362551284183},"median_abs_dev":{"confidence_interval":{"confidence_level":0.95,"lower_bound":2829.498031952604,"upper_bound":5035.7012689325275},"point_estimate":4108.535591814168,"standard_error":522.8927202596024},"slope":{"confidence_interval":{"confidence_level":0.95,"lower_bound":274015.9793733631,"upper_bound":276176.62021274096},"point_estimate":275080.09095611057,"standard_error":552.5132115496525},"std_dev":{"confidence_interval":{"confidence_level":0.95,"lower_bound":4052.5354582339996,"upper_bound":7993.195017384664},"point_estimate":5893.164727643137,"standard_error":1099.400132220465}}