{"mean":{"confidence_interval":{"confidence_level":0.95,"lower_bound":0.0479167068479231,"upper_bound":0.1830671969911922},"point_estimate":0.11961726694998309,"standard_error":0.034946168801262494},"median":{"confidence_interval":{"confidence_level":0.95,"lower_bound":0.1812040068627578,"upper_bound":0.2023339761787386},"point_estimate":0.19133276129426902,"standard_error":0.005602382987807502}}