{"mean":{"confidence_interval":{"confidence_level":0.95,"lower_bound":-0.040015519265949304,"upper_bound":-0.01867079637682006},"point_estimate":-0.030370758124414143,"standard_error":0.005393459234854702},"median":{"confidence_interval":{"confidence_level":0.95,"lower_bound":-0.046931417834345956,"upper_bound":-0.031633674552628444},"point_estimate":-0.03818815951615506,"standard_error":0.0037237764624531893}}