{"mean":{"confidence_interval":{"confidence_level":0.95,"lower_bound":-0.00564603971077143,"upper_bound":0.0027113222563681003},"point_estimate":-0.0015336312056881685,"standard_error":0.0021314958547504876},"median":{"confidence_interval":{"confidence_level":0.95,"lower_bound":-0.003122543330325356,"upper_bound":0.002926755506312606},"point_estimate":-0.0004836222718765937,"standard_error":0.001598742731312424}}