{"mean":{"confidence_interval":{"confidence_level":0.95,"lower_bound":0.038569157783130026,"upper_bound":0.07784830082085026},"point_estimate":0.058394096855882704,"standard_error":0.009981683684814184},"median":{"confidence_interval":{"confidence_level":0.95,"lower_bound":0.05470078218893226,"upper_bound":0.1028273326352528},"point_estimate":0.08268504222726558,"standard_error":0.012688508309471557}}