{"mean":{"confidence_interval":{"confidence_level":0.95,"lower_bound":249052.65333367937,"upper_bound":249570.26683117473},"point_estimate":249300.23318839123,"standard_error":132.2086122222387},"median":{"confidence_interval":{"confidence_level":0.95,"lower_bound":248671.49168399168,"upper_bound":249365.00850340136},"point_estimate":248994.96017156861,"standard_error":196.74681721282465},"median_abs_dev":{"confidence_interval":{"confidence_level":0.95,"lower_bound":755.6607983252258,"upper_bound":1268.3553740966672},"point_estimate":900.8116008440664,"standard_error":134.63360498934261},"slope":{"confidence_interval":{"confidence_level":0.95,"lower_bound":249029.99497346283,"upper_bound":249664.46636135803},"point_estimate":249320.57263189004,"standard_error":162.73066855345934},"std_dev":{"confidence_interval":{"confidence_level":0.95,"lower_bound":986.0230522045907,"upper_bound":1640.7048729151616},"point_estimate":1322.7719501473107,"standard_error":168.12819103702915}}