{"mean":{"confidence_interval":{"confidence_level":0.95,"lower_bound":-0.021362898135801688,"upper_bound":-0.00932935268119054},"point_estimate":-0.015459587892768134,"standard_error":0.003164838847886637},"median":{"confidence_interval":{"confidence_level":0.95,"lower_bound":-0.023918989760179737,"upper_bound":-0.01669085034867246},"point_estimate":-0.020618301218473856,"standard_error":0.0017864995987506948}}