{"mean":{"confidence_interval":{"confidence_level":0.95,"lower_bound":1.6238633523165569,"upper_bound":1.6739343002632994},"point_estimate":1.6500665695504466,"standard_error":0.012805491433791213},"median":{"confidence_interval":{"confidence_level":0.95,"lower_bound":1.6781210826750468,"upper_bound":1.6969046347832801},"point_estimate":1.68786812623049,"standard_error":0.00471339360717623}}