{"mean":{"confidence_interval":{"confidence_level":0.95,"lower_bound":-0.5406158136187386,"upper_bound":-0.5379161982803693},"point_estimate":-0.539191477268518,"standard_error":0.0006878282806356149},"median":{"confidence_interval":{"confidence_level":0.95,"lower_bound":-0.5386657980897767,"upper_bound":-0.5363443395882106},"point_estimate":-0.5377109935559174,"standard_error":0.000609455299968728}}