{"mean":{"confidence_interval":{"confidence_level":0.95,"lower_bound":-0.42765221798824266,"upper_bound":-0.3942600475873832},"point_estimate":-0.40870393617601963,"standard_error":0.008627870245625321},"median":{"confidence_interval":{"confidence_level":0.95,"lower_bound":-0.3961675562388598,"upper_bound":-0.38089885569974113},"point_estimate":-0.38857472289326267,"standard_error":0.003975000105091992}}