{"mean":{"confidence_interval":{"confidence_level":0.95,"lower_bound":0.02459251384205478,"upper_bound":0.04236506571677414},"point_estimate":0.03319765336300429,"standard_error":0.004486723113064268},"median":{"confidence_interval":{"confidence_level":0.95,"lower_bound":0.027838507504054366,"upper_bound":0.0406551827289621},"point_estimate":0.03278081472821093,"standard_error":0.0032036204668465284}}