{"mean":{"confidence_interval":{"confidence_level":0.95,"lower_bound":15882271.73125,"upper_bound":15906038.025},"point_estimate":15892950.25,"standard_error":6112.3271581761965},"median":{"confidence_interval":{"confidence_level":0.95,"lower_bound":15874037.5,"upper_bound":15888875.0},"point_estimate":15882312.5,"standard_error":4123.890119268073},"median_abs_dev":{"confidence_interval":{"confidence_level":0.95,"lower_bound":24611.159563064575,"upper_bound":44422.40171134472},"point_estimate":37472.71433472633,"standard_error":5003.973015423573},"slope":null,"std_dev":{"confidence_interval":{"confidence_level":0.95,"lower_bound":35045.30291058487,"upper_bound":88580.36013328073},"point_estimate":61255.545975982095,"standard_error":15222.51330449997}}