{"mean":{"confidence_interval":{"confidence_level":0.95,"lower_bound":14993821.95,"upper_bound":15032836.5},"point_estimate":15012299.0,"standard_error":10022.938998525255},"median":{"confidence_interval":{"confidence_level":0.95,"lower_bound":14969187.5,"upper_bound":14998375.0},"point_estimate":14985012.5,"standard_error":7242.869830783603},"median_abs_dev":{"confidence_interval":{"confidence_level":0.95,"lower_bound":43755.231723189354,"upper_bound":81135.28355956078},"point_estimate":65901.56883001328,"standard_error":9802.995070985144},"slope":null,"std_dev":{"confidence_interval":{"confidence_level":0.95,"lower_bound":72174.71477987885,"upper_bound":125408.6643120081},"point_estimate":100612.10799025345,"standard_error":13623.680594248242}}