{"mean":{"confidence_interval":{"confidence_level":0.95,"lower_bound":15878664.75,"upper_bound":15896667.26875},"point_estimate":15887388.0,"standard_error":4585.70168661533},"median":{"confidence_interval":{"confidence_level":0.95,"lower_bound":15866150.0,"upper_bound":15892550.0},"point_estimate":15883837.5,"standard_error":6597.096578680111},"median_abs_dev":{"confidence_interval":{"confidence_level":0.95,"lower_bound":30912.209451198578,"upper_bound":51427.68658697605},"point_estimate":42735.944241285324,"standard_error":5515.698775141033},"slope":null,"std_dev":{"confidence_interval":{"confidence_level":0.95,"lower_bound":36079.17410567272,"upper_bound":56817.56291668935},"point_estimate":46105.51872683689,"standard_error":5432.580929394911}}