{"mean":{"confidence_interval":{"confidence_level":0.95,"lower_bound":0.02287830890822177,"upper_bound":0.029837066549076665},"point_estimate":0.02647785767548494,"standard_error":0.0017711736258523736},"median":{"confidence_interval":{"confidence_level":0.95,"lower_bound":0.027827786116125797,"upper_bound":0.032220376797430464},"point_estimate":0.030121282476623934,"standard_error":0.0010591298285081143}}