{"mean":{"confidence_interval":{"confidence_level":0.95,"lower_bound":11036.24717137281,"upper_bound":11050.067284889663},"point_estimate":11042.357623039245,"standard_error":3.547561965522134},"median":{"confidence_interval":{"confidence_level":0.95,"lower_bound":11031.794871794871,"upper_bound":11035.12801932367},"point_estimate":11033.505435884954,"standard_error":0.9507787159479981},"median_abs_dev":{"confidence_interval":{"confidence_level":0.95,"lower_bound":5.239165920057538,"upper_bound":10.197163550210405},"point_estimate":6.781522101825888,"standard_error":1.2706029061524529},"slope":{"confidence_interval":{"confidence_level":0.95,"lower_bound":11035.975085481588,"upper_bound":11046.075319653104},"point_estimate":11040.44140025943,"standard_error":2.6015000477724044},"std_dev":{"confidence_interval":{"confidence_level":0.95,"lower_bound":15.431553164745281,"upper_bound":51.449448777730126},"point_estimate":35.47021612487263,"standard_error":9.24356135416215}}