{"mean":{"confidence_interval":{"confidence_level":0.95,"lower_bound":2323129.6521739145,"upper_bound":2347786.173913044},"point_estimate":2334313.5217391304,"standard_error":6345.930505158664},"median":{"confidence_interval":{"confidence_level":0.95,"lower_bound":2315730.434782609,"upper_bound":2320791.304347826},"point_estimate":2319245.652173913,"standard_error":1175.7900305871435},"median_abs_dev":{"confidence_interval":{"confidence_level":0.95,"lower_bound":9234.019401281077,"upper_bound":15796.135806518992},"point_estimate":11909.145440744212,"standard_error":1700.0443382711203},"slope":null,"std_dev":{"confidence_interval":{"confidence_level":0.95,"lower_bound":32980.96438108038,"upper_bound":87506.16532697347},"point_estimate":63208.396397539305,"standard_error":13935.269084126177}}