{"mean":{"confidence_interval":{"confidence_level":0.95,"lower_bound":38548.51960661978,"upper_bound":38737.02664497142},"point_estimate":38627.69559267113,"standard_error":49.08545626490068},"median":{"confidence_interval":{"confidence_level":0.95,"lower_bound":38511.03044871795,"upper_bound":38608.51648351648},"point_estimate":38570.453443514554,"standard_error":28.414194453389143},"median_abs_dev":{"confidence_interval":{"confidence_level":0.95,"lower_bound":161.10293850946385,"upper_bound":292.850833970736},"point_estimate":205.14034899862764,"standard_error":34.58698480749763},"slope":{"confidence_interval":{"confidence_level":0.95,"lower_bound":38507.8175247446,"upper_bound":38653.33911873756},"point_estimate":38578.73351445363,"standard_error":37.088845371923156},"std_dev":{"confidence_interval":{"confidence_level":0.95,"lower_bound":213.49498339622562,"upper_bound":779.8459369427314},"point_estimate":493.65934309086083,"standard_error":183.27116982818566}}