{"mean":{"confidence_interval":{"confidence_level":0.95,"lower_bound":68411.37762274953,"upper_bound":69356.93618186907},"point_estimate":68856.39037484184,"standard_error":241.46908011798473},"median":{"confidence_interval":{"confidence_level":0.95,"lower_bound":67973.28604612577,"upper_bound":68765.88888888889},"point_estimate":68289.9649122807,"standard_error":179.0964483124731},"median_abs_dev":{"confidence_interval":{"confidence_level":0.95,"lower_bound":1018.8852005691191,"upper_bound":1749.2737570143504},"point_estimate":1345.8781217199266,"standard_error":192.9649191101139},"slope":{"confidence_interval":{"confidence_level":0.95,"lower_bound":68055.32924075438,"upper_bound":68662.09825466678},"point_estimate":68351.71311758041,"standard_error":155.1116445552554},"std_dev":{"confidence_interval":{"confidence_level":0.95,"lower_bound":1638.3517003104837,"upper_bound":3094.2960280401026},"point_estimate":2414.9940513618694,"standard_error":371.09261503703414}}