{"mean":{"confidence_interval":{"confidence_level":0.95,"lower_bound":8187561.989285714,"upper_bound":8225335.453571429},"point_estimate":8206431.285714285,"standard_error":9644.433740387072},"median":{"confidence_interval":{"confidence_level":0.95,"lower_bound":8174000.0,"upper_bound":8218664.285714285},"point_estimate":8194200.0,"standard_error":11778.611713002812},"median_abs_dev":{"confidence_interval":{"confidence_level":0.95,"lower_bound":62099.75889750998,"upper_bound":109521.77805559919},"point_estimate":84677.6384966717,"standard_error":12218.236579090997},"slope":null,"std_dev":{"confidence_interval":{"confidence_level":0.95,"lower_bound":82349.74180497942,"upper_bound":109547.44687456597},"point_estimate":96784.26499439386,"standard_error":6965.80824842723}}