{"mean":{"confidence_interval":{"confidence_level":0.95,"lower_bound":9677537.333333338,"upper_bound":9685708.341666665},"point_estimate":9681473.333333336,"standard_error":2079.898149303892},"median":{"confidence_interval":{"confidence_level":0.95,"lower_bound":9673433.333333334,"upper_bound":9680350.0},"point_estimate":9676691.666666668,"standard_error":1935.3376033327222},"median_abs_dev":{"confidence_interval":{"confidence_level":0.95,"lower_bound":8648.499846459355,"upper_bound":17469.969689844198},"point_estimate":10995.949804783328,"standard_error":2318.2562056188794},"slope":null,"std_dev":{"confidence_interval":{"confidence_level":0.95,"lower_bound":15855.498844331258,"upper_bound":25228.296868687583},"point_estimate":20872.178196612775,"standard_error":2396.2327108381323}}