{"mean":{"confidence_interval":{"confidence_level":0.95,"lower_bound":8328181.417857143,"upper_bound":8337954.007142857},"point_estimate":8332865.142857144,"standard_error":2498.5144743073656},"median":{"confidence_interval":{"confidence_level":0.95,"lower_bound":8322264.285714285,"upper_bound":8330635.714285715},"point_estimate":8325435.714285715,"standard_error":2236.7144372829944},"median_abs_dev":{"confidence_interval":{"confidence_level":0.95,"lower_bound":11585.195044321308,"upper_bound":21699.174364762956},"point_estimate":17431.13969053452,"standard_error":2661.983469207221},"slope":null,"std_dev":{"confidence_interval":{"confidence_level":0.95,"lower_bound":18601.111636230944,"upper_bound":30818.752668059868},"point_estimate":25104.82926371612,"standard_error":3127.338056986489}}