{"mean":{"confidence_interval":{"confidence_level":0.95,"lower_bound":21975577.29166666,"upper_bound":21989563.34166666},"point_estimate":21982342.66666666,"standard_error":3558.3882317888983},"median":{"confidence_interval":{"confidence_level":0.95,"lower_bound":21968250.0,"upper_bound":21978633.333333332},"point_estimate":21973300.0,"standard_error":2834.3618839120354},"median_abs_dev":{"confidence_interval":{"confidence_level":0.95,"lower_bound":19026.69966221224,"upper_bound":36719.05934811099},"point_estimate":28540.049493312836,"standard_error":4808.536107918086},"slope":null,"std_dev":{"confidence_interval":{"confidence_level":0.95,"lower_bound":28673.52453000743,"upper_bound":42913.596043748716},"point_estimate":35856.85191084453,"standard_error":3654.18370654738}}