{"mean":{"confidence_interval":{"confidence_level":0.95,"lower_bound":22651315.000000004,"upper_bound":22711210.149999995},"point_estimate":22678948.333333325,"standard_error":15351.63694657129},"median":{"confidence_interval":{"confidence_level":0.95,"lower_bound":22623583.333333336,"upper_bound":22654933.333333332},"point_estimate":22641833.333333332,"standard_error":8460.570460353749},"median_abs_dev":{"confidence_interval":{"confidence_level":0.95,"lower_bound":48135.079145430595,"upper_bound":82556.108534337},"point_estimate":66865.25881290436,"standard_error":8825.162714226024},"slope":null,"std_dev":{"confidence_interval":{"confidence_level":0.95,"lower_bound":88862.16133804625,"upper_bound":208571.52140514282},"point_estimate":154765.88745143657,"standard_error":30433.082662112105}}